alias,name,heading,text,tags
Abilify ,aripiprazole,Abilify [aripiprazole],"Indications: Depression, bipolar disorder, schizophrenia, autism symptoms",Antipsychotic
Acarbose ,acarbose,Acarbose [acarbose],Indications: Diabetes mellitus,Oral hypoglycemic
Accupril ,quinapril hydrochloride,Accupril [quinapril hydrochloride],Indications: Congestive heart failure; hypertension,ACE inhibitor
Acetaminophen with codeine ,acetaminophen/codeine phosphate,Acetaminophen with codeine [acetaminophen/codeine phosphate],"Indications: Pain, moderate to severe","Analgesic, narcotic"
Aclasta ,zoledronic acid,Aclasta [zoledronic acid],Indications: Paget’s disease; bone loss prevention in postmenopausal women,Bisphosphonate
Actemra ,tocilizumab,Actemra [tocilizumab],Indications: Rheumatoid arthritis,Antirheumatic
Actimmune ,interferon gamma-1b,Actimmune [interferon gamma-1b],Indications: Chronic granulomatous disease; malignant osteopetrosis,Antineoplastic interferons; antiviral interferons
Activella ,estradiol/norethindrone acetate,Activella [estradiol/norethindrone acetate],Indications: Menopause symptoms; vaginal and vulvar atrophy; osteoporosis prevention,Estrogen therapy
Actonel ,risedronate sodium,Actonel [risedronate sodium],Indications: Decrease in bone loss in multiple myeloma patients; Paget’s disease; hyperparathyroidism; osteoporosis,Bisphosphonate
Actoplus Met ,metformin hydrochloride/pioglitazone hydrochloride,Actoplus Met [metformin hydrochloride/pioglitazone hydrochloride],Indications: Diabetes mellitus,Oral hypoglycemic
Actos ,pioglitazone hydrochloride,Actos [pioglitazone hydrochloride],Indications: Diabetes mellitus,Oral hypoglycemic
Aczone ,dapsone,Aczone [dapsone],Indications: Acne vulgaris,"Acne agent, topical"
Adalat CC ,nifedipine,Adalat CC [nifedipine],Indications: Vasospastic angina; chronic stable angina; hypertension,Calcium channel blocker
Adderall XR ,amphetamine aspartate and sulfate/dextroamphetamine saccharate and sulfate,Adderall XR [amphetamine aspartate and sulfate/dextroamphetamine saccharate and sulfate],Indications: Attention deficit hyperactivity disorder (ADHD),CNS stimulant
Adlyxin ,lixisenatide,Adlyxin [lixisenatide],Indications: Diabetes mellitus,Antidiabetic – non-insulin injectable
Admelog ,insulin lispro,Admelog [insulin lispro],Indications: Diabetes mellitus,Insulin
Advair ,fluticasone propionate/salmeterol xinafoate,Advair [fluticasone propionate/salmeterol xinafoate],Indications: Prophylaxis and treatment of asthma and COPD,Corticosteroid – inhaled; antiasthmatic
Advil ,ibuprofen,Advil [ibuprofen],Indications: Pain or fever relief,Nonsteroidal anti-inflammatory drug (NSAID)
Afrezza ,human insulin recombinant,Afrezza [human insulin recombinant],Indications: Diabetes mellitus,Insulin – inhaled
Aggrastat ,tirofiban hydrochloride,Aggrastat [tirofiban hydrochloride],Indications: Unstable angina; heart attacks,Antiplatelet
Aggrenox ,aspirin/dipyridamole,Aggrenox [aspirin/dipyridamole],Indications: Lessening of the chance of heart attack or stroke,Antiplatelet
Aimovig ,erenumab-aooe,Aimovig [erenumab-aooe],Indications: Migraine headache,Antimigraine
AirDuo RespiClick ,fluticasone propionate/salmeterol xinafoate,AirDuo RespiClick [fluticasone propionate/salmeterol xinafoate],Indications: Asthma,Corticosteroid – inhaled; antiasthmatic
Aklief ,trifarotene,Aklief [trifarotene],Indications: Acne vulgaris,"Acne agent, topical"
Aldactone ,spironolactone,Aldactone [spironolactone],Indications: Severe heart failure; ascites associated with cirrhosis; hypokalemia,Cardiovascular agent; antihypertensive agent; diuretic; electrolytic and renal agent
Aleve ,naproxen sodium,Aleve [naproxen sodium],Indications: Reduction of temporary aches and pains,Nonsteroidal anti-inflammatory drug (NSAID)
Allegra allergy ,fexofenadine hydrochloride,Allegra allergy [fexofenadine hydrochloride],Indications: Seasonal allergic rhinitis,Antihistamine
Allopurinol ,allopurinol,Allopurinol [allopurinol],"Indications: Gouty arthritis, renal calculus, hyperuricemia, hyperuricemia secondary to leukemia, hyperuricemia secondary to lymphoma",Antigout
Alora ,estradiol,Alora [estradiol],Indications: Menopause symptoms,Estrogen therapy
Alphagan P ,brimonidine tartrate,Alphagan P [brimonidine tartrate],Indications: Open angle glaucoma or another condition in which pressure in the eye is too high (ocular hypertension),"Antiglaucoma agent (ophthalmic); antihypertensive, ocular"
Alprazolam ,alprazolam,Alprazolam [alprazolam],Indications: ,Antianxiety; sedative/hypnotic
Altabax ,retapamulin,Altabax [retapamulin],Indications: Skin infections,"Antibiotic, topical"
Altace ,ramipril,Altace [ramipril],Indications: Congestive heart failure; hypertension,ACE inhibitor
Altavera ,ethinyl estradiol/levonorgestrel,Altavera [ethinyl estradiol/levonorgestrel],Indications: Prevention of pregnancy,Contraceptive
Alvesco ,ciclesonide,Alvesco [ciclesonide],Indications: Prophylaxis and treatment of asthma,Corticosteroid – inhaled; antiasthmatic
Alyacen ,ethinyl estradiol/norethindrone,Alyacen [ethinyl estradiol/norethindrone],Indications: Prevention of pregnancy,Contraceptive
Amaryl ,glimepiride,Amaryl [glimepiride],Indications: Diabetes mellitus,Oral hypoglycemic
Ambien ,zolpidem tartrate,Ambien [zolpidem tartrate],Indications: Insomnia,CNS depressant; anxiolytic/sedative/hypnotic
Amikacin ,amikacin sulfate,Amikacin [amikacin sulfate],"Indications: Gram-negative bacterial infections such as Pseudomonas, Escherichia coli (E. coli), Proteus, Klebsiella-Enterobacter-Serratia",Antibiotic
Amitriptyline HCl ,amitriptyline hydrochloride,Amitriptyline HCl [amitriptyline hydrochloride],Indications: Depression,Antidepressant
Amoxicillin ,amoxicillin,Amoxicillin [amoxicillin],"Indications: Treatment of infections with a broad spectrum of bactericidal activity against many gram-positive and gram-negative micro-organisms; otitis media, gonorrhea, skin, respiratory, gastrointestinal, and genitourinary infections",Antibiotic
Ampicillin ,ampicillin sodium,Ampicillin [ampicillin sodium],Indications: Bacterial infections,Antibiotic
Ampyra ,dalfampridine,Ampyra [dalfampridine],Indications: Improvement in walking in patients with multiple sclerosis,Potassium channel blocker
Amrix ,cyclobenzaprine hydrochloride,Amrix [cyclobenzaprine hydrochloride],Indications: Adjunct to rest and physical therapy for muscle spasms,Muscle relaxant
Anaprox DS ,naproxen sodium,Anaprox DS [naproxen sodium],"Indications: Pain, inflammation or fever relief",Nonsteroidal anti-inflammatory drug (NSAID)
Anastrozole ,anastrozole,Anastrozole [anastrozole],Indications: Postmenopausal breast cancer,Aromatase inhibitor
Androderm ,testosterone,Androderm [testosterone],"Indications: Primary hypogonadism, hypogonadotropic hypogonadism",Testosterone therapy – topical
AndroGel ,testosterone,AndroGel [testosterone],"Indications: Primary hypogonadism, hypogonadotropic hypogonadism",Testosterone therapy – topical
Angeliq ,drospirenone/estradiol,Angeliq [drospirenone/estradiol],Indications: Menopause symptoms,Estrogen therapy
Angiomax ,bivalirudin,Angiomax [bivalirudin],Indications: Prevention of blood clots,Anticoagulant
Antabuse ,disulfiram,Antabuse [disulfiram],Indications: Alcoholism,Alcohol treatment
Antineoplastic/chemotherapy,,Antineoplastic/chemotherapy,Indications: Cancer,Antineoplastic
Apidra ,insulin glulisine recombinant,Apidra [insulin glulisine recombinant],Indications: Diabetes mellitus,Insulin
Aranelle ,ethinyl estradiol/norethindrone,Aranelle [ethinyl estradiol/norethindrone],Indications: Prevention of pregnancy; acne,Contraceptive
Aranesp ,darbepoetin alfa,Aranesp [darbepoetin alfa],Indications: Treatment of lower than normal blood cells (anemia) from disorders such as CKD and neoplasms,Erythropoiesis-stimulating agent (ESA)
Aredia ,pamidronate disodium,Aredia [pamidronate disodium],Indications: Prevention of thinning of the bones (osteoporosis),Bisphosphonate
Argatroban ,argatroban,Argatroban [argatroban],Indications: Prophylaxis and treatment of venous thrombosis in thrombocytopenia patients,Anticoagulant
Aricept ,donepezil hydrochloride,Aricept [donepezil hydrochloride],Indications: Symptoms of mild to moderate Alzheimer’s disease; can improve thinking ability in some patients,Acetylcholinesterase/cholinesterase inhibitors
Arimidex ,anastrozole,Arimidex [anastrozole],Indications: Postmenopausal breast cancer,Aromatase inhibitor
Aristospan ,triamcinolone hexacetonide,Aristospan [triamcinolone hexacetonide],Indications: Severe inflammation,Corticosteroid
Arixtra ,fondaparinux sodium,Arixtra [fondaparinux sodium],Indications: Venous thrombosis and pulmonary embolism,Anticoagulant
Arnuity Ellipta ,fluticasone furoate,Arnuity Ellipta [fluticasone furoate],Indications: Prophylaxis and treatment of asthma,Corticosteroid – inhaled; antiasthmatic
Aromasin ,exemestane,Aromasin [exemestane],Indications: Postmenopausal breast cancer,Aromatase inhibitor
Arthrotec ,diclofenac sodium/misoprostol,Arthrotec [diclofenac sodium/misoprostol],"Indications: Treatment of patients with arthritis who may develop stomach ulcers from taking nonsteroidal anti-inflammatory drugs (NSAIDs) alone; used to help relieve some symptoms of arthritis, such as inflammation, swelling, stiffness, and joint pain",Nonsteroidal anti-inflammatory drug (NSAID)-prostaglandin combo
Asacol HD ,mesalamine,Asacol HD [mesalamine],Indications: Ulcerative colitis,Anti-inflammatory
Ashlyna ,ethinyl estradiol/levonorgestrel,Ashlyna [ethinyl estradiol/levonorgestrel],Indications: Prevention of pregnancy,Contraceptive
Asmanex ,mometasone furoate,Asmanex [mometasone furoate],Indications: Prophylaxis and treatment of asthma,Corticosteroid – inhaled; antiasthmatic
Astagraf XL ,tacrolimus,Astagraf XL [tacrolimus],Indications: Prophylaxis of organ transplant rejection,Immunosuppressant
Atelvia ,risedronate sodium,Atelvia [risedronate sodium],Indications: Prevention of thinning of the bones (osteoporosis),Bisphosphonate
Atenolol ,atenolol,Atenolol [atenolol],Indications: Angina pectoris; hypertension; acute myocardial infarction,Beta blocker
Ativan ,lorazepam,Ativan [lorazepam],"Indications: Anxiety disorder associated with depressive symptoms; controls tension, agitation, irritability, and insomnia",Antianxiety; sedative/hypnotic
Atripla ,efavirenz/emtricitabine/tenofovir disoproxil fumarate,Atripla [efavirenz/emtricitabine/tenofovir disoproxil fumarate],Indications: HIV,Antiviral
Atrovent HFA ,ipratropium bromide,Atrovent HFA [ipratropium bromide],"Indications: Chronic bronchitis, emphysema; bronchial asthma",Antiasthmatic/bronchodilator
Augmentin ,amoxicillin/clavulanate potassium,Augmentin [amoxicillin/clavulanate potassium],"Indications: Middle ear, lower respiratory, sinus, skin and skin structures, and urinary tract infections",Antibiotic
Avandia ,rosiglitazone maleate,Avandia [rosiglitazone maleate],Indications: Diabetes mellitus,Oral hypoglycemic
Avapro ,irbesartan,Avapro [irbesartan],Indications: Hypertension,Antihypertensive
Avelox ,moxifloxacin hydrochloride,Avelox [moxifloxacin hydrochloride],"Indications: Bacterial infections, specifically pneumonia; skin; intra-abdominal; plague; acute sinusitis; acute chronic bronchitis",Antibiotic
Aviane-28 ,ethinyl estradiol/levonorgestrel,Aviane-28 [ethinyl estradiol/levonorgestrel],Indications: Prevention of pregnancy,Contraceptive
Avonex ,interferon beta-1a,Avonex [interferon beta-1a],Indications: Treatment of relapsing multiple sclerosis,Antiviral
Axid AR ,nizatidine,Axid AR [nizatidine],"Indications: Acid/peptic disorder; gastroesophageal reflux; duodenal, gastric, and peptic ulcers",Histamine H2-receptor antagonist
Ayvakit ,avapritinib,Ayvakit [avapritinib],Indications: Unresectable or metastatic gastrointestinal stromal tumor (GIST),Multikinase inhibitor
Azactam ,aztreonam,Azactam [aztreonam],Indications: Severe bacterial infections,Antibiotic
Azithromycin ,azithromycin,Azithromycin [azithromycin],Indications: Bacterial infections,Antibiotic
Bactrim ,sulfamethoxazole/trimethoprim,Bactrim [sulfamethoxazole/trimethoprim],"Indications: Treatment of urinary tract infections, acute otitis media, acute exacerbation of chronic bronchitis, shigellosis, and pneumocystis carinii",Antibiotic
Bactroban ,mupirocin topical,Bactroban [mupirocin topical],Indications: Bacterial skin infections,"Antibiotic, topical"
Balziva-28 ,ethinyl estradiol/norethindrone,Balziva-28 [ethinyl estradiol/norethindrone],Indications: Prevention of pregnancy,Contraceptive
Basaglar ,insulin glargine,Basaglar [insulin glargine],Indications: Diabetes mellitus,Insulin
Bayer ,acetylsalicylic acid,Bayer [acetylsalicylic acid],"Indications: Prophylaxis and treatment of heart attacks, angina or strokes; reduction of fever, pain and inflammation",Aspirin
Beconase AQ ,beclomethasone dipropionate monohydrate,Beconase AQ [beclomethasone dipropionate monohydrate],Indications: Perennial and seasonal allergies; vasomotor rhinitis,Corticosteroid – intranasal
Bekyree ,desogestrel/ethinyl estradiol,Bekyree [desogestrel/ethinyl estradiol],Indications: Prevention of pregnancy,Contraceptive
Betaseron ,interferon beta-1b,Betaseron [interferon beta-1b],Indications: Treatment of relapsing multiple sclerosis,Antiviral
Betoptic ,betaxolol hydrochloride,Betoptic [betaxolol hydrochloride],Indications: Lowering of intraocular pressure; also used for treatment of ocular hypertension and chronic open-angle glaucoma,Beta blocker; ophthalmic glaucoma agent
Bevyxxa ,betrixaban,Bevyxxa [betrixaban],Indications: Prophylaxis of venous thromboembolism,Anticoagulant
Beyaz ,drospirenone/ethinyl estradiol/levomefolate calcium,Beyaz [drospirenone/ethinyl estradiol/levomefolate calcium],Indications: Prevention of pregnancy; acne,Contraceptive
Biaxin XL ,clarithromycin,Biaxin XL [clarithromycin],"Indications: Acid/peptic disorder or ulcer, acute exacerbation chronic bronchitis, human immunodeficiency virus, lower and upper respiratory tract infection, sinus infection, prophylaxis mycobacterium avium complex, pharyngitis, pneumonia, tonsillitis",Antibiotic
Bijuva ,estradiol/progesterone,Bijuva [estradiol/progesterone],Indications: Menopausal symptoms,Estrogen/progesterone therapy
Biltricide ,praziquantel,Biltricide [praziquantel],Indications: Infections from Schistosoma species and liver flukes,Antiparasitic
Binosto ,alendronate sodium,Binosto [alendronate sodium],Indications: Prevention of thinning of the bones (osteoporosis),Bisphosphonate
Boniva ,ibandronate sodium,Boniva [ibandronate sodium],Indications: Prevention of thinning of the bones (osteoporosis),Bisphosphonate
Breo Ellipta ,fluticasone furoate/vilanterol trifenatate,Breo Ellipta [fluticasone furoate/vilanterol trifenatate],Indications: Maintenance treatment of asthma and COPD,Corticosteroid – inhaled; antiasthmatic
Brevicon 28-day ,ethinyl estradiol/norethindrone,Brevicon 28-day [ethinyl estradiol/norethindrone],Indications: Prevention of pregnancy; acne,Contraceptive
Briellyn ,ethinyl estradiol/norethindrone,Briellyn [ethinyl estradiol/norethindrone],Indications: Prevention of pregnancy,Contraceptive
Brilinta ,ticagrelor,Brilinta [ticagrelor],Indications: Unstable angina; heart attacks; prevention of blood clots,Antiplatelet
Brisdelle ,paroxetine,Brisdelle [paroxetine],Indications: Vasomotor symptoms related to menopause,Selective serotonin reuptake inhibitor (SSRI)
Bufferin ,aspirin,Bufferin [aspirin],"Indications: Pain, reduce fever or inflammation; prophylaxis and treatment of heart attack, stroke, angina",Aspirin
Buprenex ,buprenorphine hydrochloride,Buprenex [buprenorphine hydrochloride],Indications: Moderate to severe pain,"Analgesic, narcotic"
Buprenorphine HCl and Naloxone HCl ,buprenorphine hydrochloride/naloxone hydrochloride,Buprenorphine HCl and Naloxone HCl [buprenorphine hydrochloride/naloxone hydrochloride],Indications: Moderate to severe pain,"Analgesic, narcotic"
Buspirone HCl ,buspirone hydrochloride,Buspirone HCl [buspirone hydrochloride],Indications: Generalized anxiety disorder,Antianxiety
Butorphanol tartrate ,butorphanol tartrate,Butorphanol tartrate [butorphanol tartrate],Indications: Moderate to severe postsurgical pain,"Analgesic, narcotic"
Butrans ,buprenorphine,Butrans [buprenorphine],Indications: Chronic pain,"Analgesic, narcotic"
Bydureon ,exenatide,Bydureon [exenatide],Indications: Diabetes mellitus,Antidiabetic – non-insulin injectable
Byetta ,exenatide,Byetta [exenatide],Indications: Diabetes mellitus,Antidiabetic – non-insulin injectable
Calan ,verapamil hydrochloride,Calan [verapamil hydrochloride],"Indications: Angina pectoris at rest and chronic stable, arrhythmia, atrial fibrillation, atrial flutter, paroxysmal supraventricular tachycardia, ventricular arrhythmia, Hypertension",Calcium channel blocker
Caldolor ,ibuprofen,Caldolor [ibuprofen],Indications: Pain or fever relief,Nonsteroidal anti-inflammatory drug (NSAID)
Cambia ,diclofenac potassium,Cambia [diclofenac potassium],Indications: Migraine headaches,Nonsteroidal anti-inflammatory drug (NSAID)
Camila ,norethindrone,Camila [norethindrone],Indications: Prevention of pregnancy; menstrual disorders,Contraceptive
Caplyta ,lumateperone,Caplyta [lumateperone],Indications: Schizophrenia,Antipsychotic
Cardizem CD ,diltiazem hydrochloride,Cardizem CD [diltiazem hydrochloride],"Indications: Chronic stable angina, atrial fibrillation, atrial flutter, hypertension, paroxysmal supraventricular tachycardia",Calcium channel blocker
Cardura ,doxazosin mesylate,Cardura [doxazosin mesylate],Indications: Benign prostatic hyperplasia; hypertension,Antihypertensive
Catapres ,clonidine hydrochloride,Catapres [clonidine hydrochloride],Indications: Hypertension,Antihypertensive
Cefazolin sodium ,cefazolin sodium,Cefazolin sodium [cefazolin sodium],"Indications: Respiratory tract infections due to Streptococcus pneumoniae, Klebsiella species, Haemophilus influenzae (H. influenzae), Staphylococcus aureus, and group A beta-hemolytic streptococci; urinary tract infections due to E. coli, Proteus mirabilis, Klebsiella species and some strains of Enterobacter and enterococci; skin and skin structure infections, biliary tract infections, bone and joint infections, genital infections, septicemia, and endocarditis",Antibiotic
Ceftriaxone ,ceftriaxone sodium,Ceftriaxone [ceftriaxone sodium],Indications: Bacterial infections,Antibiotic
Cefzil ,cefprozil,Cefzil [cefprozil],"Indications: Acute exacerbation and chronic bronchitis, lower respiratory tract infection, upper respiratory tract infection, pharyngitis, tonsillitis",Antibiotic
Celebrex ,celecoxib,Celebrex [celecoxib],"Indications: Relief of some symptoms caused by arthritis, such as inflammation, swelling, stiffness, and joint pain",Nonsteroidal anti-inflammatory drug (NSAID)
Celestone Soluspan ,betamethasone acetate/betamethasone sodium phosphate,Celestone Soluspan [betamethasone acetate/betamethasone sodium phosphate],Indications: Asthma; severe inflammation,Corticosteroid; antiasthmatic
Celexa ,citalopram hydrobromide,Celexa [citalopram hydrobromide],Indications: Depression,Antidepressant
Cellcept ,mycophenolate mofetil,Cellcept [mycophenolate mofetil],Indications: Prophylaxis of organ transplant rejection,Immunosuppressant
Centany ,mupirocin,Centany [mupirocin],Indications: Bacterial skin infections,"Antibiotic, topical"
Cephalexin ,cephalexin,Cephalexin [cephalexin],Indications: Bacterial infections,Antibiotic
Chantix ,varenicline tartrate,Chantix [varenicline tartrate],"Indications: Nicotine addiction, smoking",Smoking cessation aid
Cimduo ,lamivudine/tenofovir disoproxil fumarate,Cimduo [lamivudine/tenofovir disoproxil fumarate],Indications: HIV,Antiviral
Cipro ,ciprofloxacin hydrochloride,Cipro [ciprofloxacin hydrochloride],"Indications: Cystitis, infectious diarrhea, gonorrhea, bone and joint infection, gastrointestinal tract infection, lower and upper respiratory tract infection, sinus infection, urinary tract infection, nosocomial pneumonia, chronic prostatitis",Antibiotic
Ciprofloxacin ,ciprofloxacin,Ciprofloxacin [ciprofloxacin],Indications: Bacterial infections,Antibiotic
Clarithromycin ,clarithromycin,Clarithromycin [clarithromycin],Indications: Skin and respiratory bacterial infections,Antibiotic
Claritin ,loratadine,Claritin [loratadine],Indications: Seasonal allergic rhinitis; chronic idiopathic urticaria,Antihistamine
Cleocin ,clindamycin phosphate,Cleocin [clindamycin phosphate],Indications: Bacterial infections,Antibiotic
Climara ,estradiol,Climara [estradiol],Indications: Osteoporosis prevention and to treat menopausal symptoms; vaginal and vulvar atrophy; hypoestrogenism; ovarian failure,Estrogen therapy
Clindamycin ,clindamycin phosphate,Clindamycin [clindamycin phosphate],Indications: Bacterial infections,Antibiotic
Clonazepam ,clonazepam,Clonazepam [clonazepam],"Indications: Absence, akinetic and myoclonic epilepsy, Lennox-Gastaut syndrome",Anticonvulsant
Clonidine HCl ,clonidine hydrochloride,Clonidine HCl [clonidine hydrochloride],Indications: Hypertension,Antihypertensive
Clopidogrel bisulfate ,clopidogrel bisulfate,Clopidogrel bisulfate [clopidogrel bisulfate],Indications: Unstable angina; heart attacks; prevention of blood clots,Antiplatelet
Codeine ,codeine sulfate,Codeine [codeine sulfate],Indications: Mild to moderate pain,"Analgesic, narcotic"
Cogentin ,benztropine mesylate,Cogentin [benztropine mesylate],Indications: Parkinson’s disease,Antiparkinsonism
Colace ,docusate sodium,Colace [docusate sodium],Indications: Constipation,"Gastrointestinal agent; laxative, stool softener"
Colazal ,balsalazide,Colazal [balsalazide],Indications: Ulcerative colitis,Anti-inflammatory
Colocort ,hydrocortisone,Colocort [hydrocortisone],Indications: Inflammation of the colon,Corticosteroid
CombiPatch ,ethinyl estradiol/norethindrone acetate,CombiPatch [ethinyl estradiol/norethindrone acetate],Indications: Menopause symptoms; vaginal and vulvar atrophy; osteoporosis prevention,Estrogen therapy
Combivent respimat ,ipratropium bromide/albuterol sulfate,Combivent respimat [ipratropium bromide/albuterol sulfate],"Indications: Chronic bronchitis, emphysema; bronchial asthma",Antiasthmatic/bronchodilator
Compro ,prochlorperazine,Compro [prochlorperazine],"Indications: Nausea, vomiting, and manic phase of bipolar syndrome or schizophrenia",Antiemetic; antipsychotic
Conjupri ,levamlodipine maleate,Conjupri [levamlodipine maleate],Indications: Hypertension,Antihypertensive
Copaxone ,glatiramer acetate,Copaxone [glatiramer acetate],Indications: Treatment of relapsing multiple sclerosis,Immunostimulant
Coreg ,carvedilol,Coreg [carvedilol],Indications: Hypertension; chronic heart failure; left ventricular dysfunction following myocardial infarction,Beta blocker
Coreg CR ,carvedilol phosphate,Coreg CR [carvedilol phosphate],Indications: Hypertension; chronic heart failure; left ventricular dysfunction following myocardial infarction,Beta blocker
Cortef ,hydrocortisone,Cortef [hydrocortisone],Indications: Severe inflammation,Corticosteroid
Cortenema ,hydrocortisone,Cortenema [hydrocortisone],Indications: Inflammation of the colon,Corticosteroid
Cortifoam ,hydrocortisone acetate,Cortifoam [hydrocortisone acetate],Indications: Colon and rectum inflammation,Corticosteroid
Cortisone acetate ,cortisone acetate,Cortisone acetate [cortisone acetate],Indications: Inflammation,Corticosteroid
Cortisporin ,hydrocortisone acetate/neomycin sulfate/polymyxin B sulfate,Cortisporin [hydrocortisone acetate/neomycin sulfate/polymyxin B sulfate],Indications: Dermatosis,"Topical anti-infective, topical steroid"
Cosentyx ,secukinumab,Cosentyx [secukinumab],Indications: Plaque psoriasis; psoriatic arthritis; ankylosing spondylitis,Immunosuppressant
Coumadin ,warfarin sodium,Coumadin [warfarin sodium],"Indications: Prophylaxis and treatment of venous thrombosis, treatment of atrial fibrillation with embolization (pulmonary embolism), arrhythmias, myocardial infarction, and stroke prevention",Anticoagulant
Cozaar ,losartan potassium,Cozaar [losartan potassium],Indications: Hypertension,Antihypertensive
Crestor ,rosuvastatin calcium,Crestor [rosuvastatin calcium],Indications: Hypercholesterolemia; hyperlipidemia; hyperproteinemia,HMG-CoA reductase inhibitor (statin)
Crixivan ,indinavir sulfate,Crixivan [indinavir sulfate],"Indications: HIV, asymptomatic HIV",Antiviral
Cryselle ,ethinyl estradiol/norgestrel,Cryselle [ethinyl estradiol/norgestrel],Indications: Prevention of pregnancy,Contraceptive
Cubicin ,daptomycin,Cubicin [daptomycin],Indications: Bacterial skin infections; Staphylococcus aureus bloodstream infections,Antibiotic
Cyclafem ,ethinyl estradiol/norethindrone,Cyclafem [ethinyl estradiol/norethindrone],Indications: Prevention of pregnancy,Contraceptive
Cyclessa ,desogestrel/ethinyl estradiol,Cyclessa [desogestrel/ethinyl estradiol],Indications: Prevention of pregnancy,Contraceptive
Cyclosporine ,cyclosporine,Cyclosporine [cyclosporine],Indications: Prophylaxis of organ transplant rejection,Immunosuppressant
Cyltezo ,adalimumab-abdm,Cyltezo [adalimumab-abdm],Indications: Rheumatoid arthritis; juvenile idiopathic arthritis; psoriatic arthritis; Crohn’s disease; ulcerative colitis; plaque psoriasis,Antirheumatic
Cymbalta ,duloxetine hydrochloride,Cymbalta [duloxetine hydrochloride],Indications: Major depressive disorder; general anxiety disorder; fibromyalgia; diabetic peripheral neuropathy; chronic musculoskeletal pain,"Antidepressant, serotonin and norepinephrine reuptake inhibitor (SNRI)"
Cytomel ,liothyronine sodium,Cytomel [liothyronine sodium],Indications: Hypothyroidism or prevention of euthyroid goiters,Thyroid hormone
Daptomycin ,daptomycin,Daptomycin [daptomycin],Indications: Skin and underlying tissue bacterial infections,Antibiotic
Dasetta ,ethinyl estradiol/norethindrone,Dasetta [ethinyl estradiol/norethindrone],Indications: Prevention of pregnancy,Contraceptive
Daypro ,oxaprozin,Daypro [oxaprozin],Indications: Osteoarthritis and rheumatoid arthritis,Nonsteroidal anti-inflammatory drug (NSAID)
Daysee ,ethinyl estradiol/levonorgestrel,Daysee [ethinyl estradiol/levonorgestrel],Indications: Prevention of pregnancy,Contraceptive
Delestrogen ,estradiol valerate,Delestrogen [estradiol valerate],Indications: Menopause symptoms,Estrogen therapy
Demerol ,meperidine hydrochloride,Demerol [meperidine hydrochloride],Indications: Moderate to severe pain,"Analgesic, narcotic"
Depakote ,divalproex sodium,Depakote [divalproex sodium],"Indications: Bipolar affective disorder; complex absence, complex partial and mixed pattern epilepsy; migraine headache",Anticonvulsant
Depo-Medrol ,methylprednisolone acetate,Depo-Medrol [methylprednisolone acetate],Indications: Arthritis; joint disorders,Corticosteroid
Depo-Provera ,medroxyprogesterone acetate,Depo-Provera [medroxyprogesterone acetate],"Indications: Amenorrhea; carcinoma, endometrium, adjunct; carcinoma, renal; Prevention of pregnancy; hemorrhage",Antineoplastic; contraceptive; progestin
Depo-SubQ Provera ,medroxyprogesterone acetate,Depo-SubQ Provera [medroxyprogesterone acetate],Indications: Prevention of pregnancy; menstrual disorder pain,Contraceptive
Descovy ,emtricitabine/tenofovir alafenamide,Descovy [emtricitabine/tenofovir alafenamide],Indications: HIV,Antiretroviral
Desogen ,desogestrel/ethinyl estradiol,Desogen [desogestrel/ethinyl estradiol],Indications: Prevention of pregnancy,Contraceptive
Detrol ,tolterodine tartrate,Detrol [tolterodine tartrate],"Indications: Overactive bladders in patients with urinary frequency, urgency, or urge incontinence",Muscarinic receptor antagonist
Dexamethasone Intensol ,dexamethasone,Dexamethasone Intensol [dexamethasone],Indications: Arthritis; allergic disorders; breathing disorders; lupus,Corticosteroid
Dexilant ,dexlansoprazole,Dexilant [dexlansoprazole],Indications: Healing of erosive esophagitis; relieve of heartburn; treatment of non-erosive gastroesophageal reflux disease,Proton pump inhibitor
DiaBeta ,glyburide,DiaBeta [glyburide],Indications: Diabetes mellitus,Oral hypoglycemic
Diclegis ,doxylamine succinate/pyridoxine hydrochloride,Diclegis [doxylamine succinate/pyridoxine hydrochloride],Indications: Nausea/vomiting in pregnancy,Antiemetic
Dificid ,fidaxomicin,Dificid [fidaxomicin],Indications: Clostridium difficile,Antibiotic
Diflucan ,fluconazole,Diflucan [fluconazole],Indications: Oropharyngeal and esophageal candidiasis and cryptococcal meningitis in AIDS patients,Antifungal
Digoxin ,digoxin,Digoxin [digoxin],"Indications: Heart failure, atrial flutter, atrial fibrillation, and supraventricular tachycardia",Cardiotonic glycoside
Dilantin ,phenytoin sodium,Dilantin [phenytoin sodium],Indications: Grand mal and psychomotor seizures,Anticonvulsant
Dilaudid ,hydromorphone hydrochloride,Dilaudid [hydromorphone hydrochloride],Indications: Moderate to severe pain,"Analgesic, narcotic"
Diovan ,valsartan,Diovan [valsartan],Indications: Hypertension,Antihypertensive
Diskets ,methadone hydrochloride,Diskets [methadone hydrochloride],Indications: Treatment of opioid addiction,Opioid agonist
Divigel ,estradiol,Divigel [estradiol],Indications: Menopause symptoms,Estrogen therapy – topical
Dolophine HCl ,methadone hydrochloride,Dolophine HCl [methadone hydrochloride],Indications: Pain; treatment of opioid addiction,"Analgesic, narcotic; opioid agonist"
Doxycycline ,doxycycline,Doxycycline [doxycycline],Indications: Bacterial infections; acne,Antibiotic
Duavee ,bazedoxifene acetate/conjugated estrogens,Duavee [bazedoxifene acetate/conjugated estrogens],Indications: Menopause symptoms; osteoporosis prevention,Estrogen therapy
Duetact ,glimepiride/pioglitazone hydrochloride,Duetact [glimepiride/pioglitazone hydrochloride],Indications: Diabetes mellitus,Oral hypoglycemic
Duexis ,famotidine/ibuprofen,Duexis [famotidine/ibuprofen],Indications: Symptomatic treatment of osteoarthritis and rheumatoid arthritis; reduce risk of ulcers,Nonsteroidal anti-inflammatory drug (NSAID)
Dulera ,formoterol fumarate/mometasone furoate,Dulera [formoterol fumarate/mometasone furoate],Indications: Prophylaxis and treatment of asthma,Corticosteroid – inhaled; antiasthmatic
Duragesic ,fentanyl,Duragesic [fentanyl],Indications: Chronic pain,"Analgesic, narcotic"
Duramorph PF ,morphine sulfate,Duramorph PF [morphine sulfate],Indications: Moderate to severe pain,"Analgesic, narcotic"
Durlaza ,aspirin,Durlaza [aspirin],"Indications: Prevention of heart attack, stroke, angina",Aspirin
Dymista ,azelastine/fluticasone,Dymista [azelastine/fluticasone],Indications: Seasonal allergies,Corticosteroid – intranasal
Dynacin ,minocycline hydrochloride,Dynacin [minocycline hydrochloride],Indications: Severe acne treatment,Antibiotic
E.E.S. ,erythromycin ethylsuccinate,E.E.S. [erythromycin ethylsuccinate],Indications: Bacterial infections,Antibiotic
Effexor XR ,venlafaxine hydrochloride,Effexor XR [venlafaxine hydrochloride],Indications: Major depressive disorder; social anxiety disorder; panic disorder,"Antidepressant, serotonin and norepinephrine reuptake inhibitors (SNRIs)"
Effient ,prasugrel hydrochloride,Effient [prasugrel hydrochloride],Indications: Lessening of the chance of heart attack or stroke,Antiplatelet
Elestrin ,estradiol,Elestrin [estradiol],Indications: Menopause symptoms,Estrogen therapy
Eligard ,leuprolide acetate,Eligard [leuprolide acetate],Indications: Palliative treatment of prostate cancer symptoms,Agents affecting estrogen receptors and estrogen levels
Elinest ,norgestrel/ethinyl estradiol,Elinest [norgestrel/ethinyl estradiol],Indications: Prevention of pregnancy,Contraceptive
Eliquis ,apixaban,Eliquis [apixaban],Indications: Venous thrombosis,Anticoagulant
Emoquette ,ethinyl estradiol/desogestrel,Emoquette [ethinyl estradiol/desogestrel],Indications: Prevention of pregnancy,Contraceptive
Emtriva ,emtricitabine,Emtriva [emtricitabine],Indications: HIV,Antiretroviral
Enbrel ,etanercept,Enbrel [etanercept],"Indications: Rheumatoid arthritis; polyarticular juvenile idiopathic arthritis; psoriatic arthritis; ankylosing spondylitis, plaque psoriasis",Antirheumatic
Enpresse-28 ,ethinyl estradiol/levonorgestrel,Enpresse-28 [ethinyl estradiol/levonorgestrel],Indications: Prevention of pregnancy,Contraceptive
Enskyce ,desogestrel/ethinyl estradiol,Enskyce [desogestrel/ethinyl estradiol],Indications: Prevention of pregnancy,Contraceptive
Entocort EC ,budesonide,Entocort EC [budesonide],Indications: Crohn’s disease; ulcerative colitis,Corticosteroid
Entresto ,sacubitril/valsartan,Entresto [sacubitril/valsartan],Indications: Chronic heart failure,Angiotensin II receptor blocker; neprilysin inhibitor
Entyvio ,vedolizumab,Entyvio [vedolizumab],Indications: Ulcerative colitis; Crohn’s disease,Immunosuppressant
Envarsus XR ,tacrolimus,Envarsus XR [tacrolimus],Indications: Prophylaxis of organ transplant rejection,Immunosuppressant
Epinephrine ,epinephrine,Epinephrine [epinephrine],"Indications: Most commonly, relief of distress due to bronchospasm and restoration of cardiac rhythm in cardiac arrest","Bronchodilator, cardiotonic"
"Epivir, Epivir-HBV ",lamivudine,"Epivir, Epivir-HBV [lamivudine]","Indications: HIV, hepatitis B (HBV), asymptomatic HIV",Antiretroviral
Erelzi ,etanercept-szzs,Erelzi [etanercept-szzs],"Indications: Rheumatoid arthritis; polyarticular juvenile idiopathic arthritis; psoriatic arthritis; ankylosing spondylitis, plaque psoriasis",Antirheumatic
Errin ,norethindrone,Errin [norethindrone],Indications: Prevention of pregnancy,Contraceptive
Ertapenem ,ertapenem sodium,Ertapenem [ertapenem sodium],"Indications: Stomach, urinary tract, pelvis, skin and lung infections",Antibiotic
ERYC ,erythromycin,ERYC [erythromycin],Indications: Respiratory tract infections,Antibiotic
Erygel ,erythromycin,Erygel [erythromycin],Indications: Bacterial skin infections,"Antibiotic, topical"
EryPed ,erythromycin ethylsuccinate,EryPed [erythromycin ethylsuccinate],Indications: Bacterial infections; rheumatic fever attacks,Antibiotic
Ery-Tab ,erythromycin,Ery-Tab [erythromycin],Indications: Bacterial infections,Antibiotic
Erythrocin ,erythromycin lactobionate,Erythrocin [erythromycin lactobionate],Indications: Bacterial infections,Antibiotic
Erythromycin ,erythromycin,Erythromycin [erythromycin],Indications: Respiratory tract infections,Antibiotic
Estarylla ,ethinyl estradiol/norgestimate,Estarylla [ethinyl estradiol/norgestimate],Indications: Prevention of pregnancy,Contraceptive
Estrace ,estradiol,Estrace [estradiol],Indications: Vaginal cream for treatment of vaginal and vulvar atrophy,Estrogen therapy
EstroGel ,estradiol,EstroGel [estradiol],Indications: Menopause symptoms,Estrogen therapy – topical
Estrostep Fe ,ethinyl estradiol/norethindrone acetate,Estrostep Fe [ethinyl estradiol/norethindrone acetate],Indications: Prevention of pregnancy,Contraceptive
Evista ,raloxifene hydrochloride,Evista [raloxifene hydrochloride],Indications: Prevention of thinning of the bones (osteoporosis) only in postmenopausal women,Selective estrogen receptor modulator (SERM)
Exemestane ,exemestane,Exemestane [exemestane],Indications: Postmenopausal breast cancer,Aromatase inhibitor
Factive ,gemifloxacin mesylate,Factive [gemifloxacin mesylate],Indications: Bacterial lung infections,Antibiotic
Falmina ,ethinyl estradiol/levonorgestrel,Falmina [ethinyl estradiol/levonorgestrel],Indications: Prevention of pregnancy,Contraceptive
Fareston ,toremifene citrate,Fareston [toremifene citrate],Indications: Treatment of metastatic breast cancer in postmenopausal women,Selective estrogen receptor modulator (SERM)
Farxiga ,dapagliflozin propanediol,Farxiga [dapagliflozin propanediol],Indications: Diabetes mellitus,Oral hypoglycemic
Faslodex ,fulvestrant,Faslodex [fulvestrant],Indications: Hormone-related breast cancer; metastatic breast cancer,Agents affecting estrogen receptors and estrogen levels
Feldene ,piroxicam,Feldene [piroxicam],Indications: Treatment of pain and inflammation due to arthritis,Nonsteroidal anti-inflammatory drug (NSAID)
Femara ,letrozole,Femara [letrozole],Indications: Postmenopausal breast cancer,Aromatase inhibitor
Femhrt ,ethinyl estradiol/norethindrone acetate,Femhrt [ethinyl estradiol/norethindrone acetate],Indications: Prevention of pregnancy; menopause symptoms; osteoporosis prevention,Contraceptive; estrogen therapy
Femring ,estradiol acetate,Femring [estradiol acetate],Indications: Osteoporosis prevention and to treat menopausal symptoms; hypoestrogenism; ovarian failure,Estrogen therapy
Fentanyl citrate ,fentanyl citrate,Fentanyl citrate [fentanyl citrate],Indications: Postprocedural or chronic pain,"Analgesic, narcotic"
Fentora ,fentanyl citrate,Fentora [fentanyl citrate],Indications: Breakthrough cancer pain,"Analgesic, narcotic"
Fetroja ,cefiderocol,Fetroja [cefiderocol],Indications: Complicated urinary tract infections; pyelonephritis,Antibiotic
Fiasp ,insulin aspart,Fiasp [insulin aspart],Indications: Diabetes mellitus,Insulin
Fioricet with codeine ,acetaminophen/butalbital/caffeine/cod eine phosphate,Fioricet with codeine [acetaminophen/butalbital/caffeine/cod eine phosphate],Indications: Tension headaches,"Analgesic, narcotic"
Firmagon ,degarelix,Firmagon [degarelix],Indications: Prostate cancer,Hormone therapy
Flagyl ,metronidazole,Flagyl [metronidazole],Indications: Bacterial infections,Antibiotic
Flavoxate HCl ,flavoxate hydrochloride,Flavoxate HCl [flavoxate hydrochloride],"Indications: Relief of dysuria, urgency, nocturia, suprapubic pain, frequency, and incontinence associated with cystitis, prostatitis, urethritis, and urethrocystitis/urethrotrigonitis",Urinary tract spasmolytic
Flomax ,tamsulosin hydrochloride,Flomax [tamsulosin hydrochloride],Indications: Benign prostatic hyperplasia,Antiadrenergic
Flonase allergy relief ,fluticasone propionate,Flonase allergy relief [fluticasone propionate],Indications: Perennial and seasonal allergic rhinitis,Corticosteroid – intranasal
Flovent HFA ,fluticasone propionate,Flovent HFA [fluticasone propionate],Indications: Asthma,Corticosteroid – inhaled; antiasthmatic
Fortaz ,ceftazidime,Fortaz [ceftazidime],Indications: Pneumonia and lower respiratory infections,Antibiotic
Fosamax ,alendronate sodium,Fosamax [alendronate sodium],Indications: Osteoporosis; Paget’s disease,Bisphosphonate
Fosinopril sodium ,fosinopril sodium,Fosinopril sodium [fosinopril sodium],Indications: Hypertension,ACE inhibitor
Fosrenol ,lanthanum carbonate,Fosrenol [lanthanum carbonate],Indications: End-stage renal disease (ESRD),Phosphate binder
Fragmin ,dalteparin sodium,Fragmin [dalteparin sodium],Indications: Prophylaxis and treatment of blood clots,Anticoagulant
Gengraf ,cyclosporine,Gengraf [cyclosporine],Indications: Prophylaxis of organ transplant rejection,Immunosuppressant
Garamycin ,gentamicin sulfate,Garamycin [gentamicin sulfate],Indications: Severe bacterial infections,Antibiotic
Gentamicin sulfate ,gentamicin sulfate,Gentamicin sulfate [gentamicin sulfate],Indications: Severe bacterial infections,Antibiotic
Gildagia ,ethinyl estradiol/norethindrone,Gildagia [ethinyl estradiol/norethindrone],Indications: Prevention of pregnancy,Contraceptive
Gildess ,ethinyl estradiol/norethindrone acetate,Gildess [ethinyl estradiol/norethindrone acetate],Indications: Prevention of pregnancy,Contraceptive
Glimepiride ,glimepiride,Glimepiride [glimepiride],Indications: Diabetes mellitus,Oral hypoglycemic
Glucotrol ,glipizide,Glucotrol [glipizide],Indications: Diabetes mellitus,Oral hypoglycemic
Glumetza ,metformin hydrochloride,Glumetza [metformin hydrochloride],Indications: Diabetes mellitus,Oral hypoglycemic
Glyburide (micronized) ,glyburide,Glyburide (micronized) [glyburide],Indications: Diabetes mellitus,Oral hypoglycemic
Glynase ,glyburide,Glynase [glyburide],Indications: Diabetes mellitus,Oral hypoglycemic
Glyset ,miglitol,Glyset [miglitol],Indications: Diabetes mellitus,Oral hypoglycemic
Harvoni ,ledipasvir/sofosbuvir,Harvoni [ledipasvir/sofosbuvir],Indications: Chronic hepatitis C,Antiviral
Heparin sodium ,heparin sodium,Heparin sodium [heparin sodium],"Indications: Prophylaxis and treatment of venous thrombosis, pulmonary embolism; prevention of cerebral thrombosis, and treatment of consumptive coagulopathies",Anticoagulant
Hiprex ,methenamine,Hiprex [methenamine],Indications: Recurring bladder infection,Antibiotic
Humalog ,insulin lispro recombinant,Humalog [insulin lispro recombinant],Indications: Diabetes mellitus,Insulin
Humira ,adalimumab,Humira [adalimumab],Indications: Rheumatoid arthritis; juvenile idiopathic arthritis; psoriatic arthritis; Crohn’s disease; ulcerative colitis; plaque psoriasis; hidradenitis suppurativa; uveitis,Antirheumatic
Humulin R ,insulin recombinant,Humulin R [insulin recombinant],Indications: Diabetes mellitus,Insulin
Hydrochlorothiazide ,hydrochlorothiazide,Hydrochlorothiazide [hydrochlorothiazide],"Indications: Management of hypertension and in adjunctive therapy for edema associated with congestive heart failure; hepatic cirrhosis; corticosteroid, and estrogen therapy",Diuretic; antihypertensive
Hydrocodone ,acetaminophen/hydrocodone bitartrate,Hydrocodone [acetaminophen/hydrocodone bitartrate],Indications: Moderate to severe pain,"Analgesic, narcotic"
Hydrocodone bitartrate and acetaminophen ,acetaminophen/hydrocodone bitartrate,Hydrocodone bitartrate and acetaminophen [acetaminophen/hydrocodone bitartrate],"Indications: Pain, moderate to severe","Analgesic, narcotic"
Hydrocortisone ,hydrocortisone,Hydrocortisone [hydrocortisone],Indications: Addison’s disease; arthritis; immune disorders; allergies; breathing problems,Corticosteroid
Hydromorphone HCl ,hydromorphone hydrochloride,Hydromorphone HCl [hydromorphone hydrochloride],Indications: Moderate to severe pain,"Analgesic, narcotic"
Hyrimoz ,adalimumab-adaz,Hyrimoz [adalimumab-adaz],Indications: Rheumatoid arthritis; juvenile idiopathic arthritis; psoriatic arthritis; Crohn’s disease; ulcerative colitis; plaque psoriasis,Antirheumatic
Hyzaar ,hydrochlorothiazide/losartan potassium,Hyzaar [hydrochlorothiazide/losartan potassium],Indications: Hypertension,Antihypertensive
Ibsrela ,tenapanor hydrochloride,Ibsrela [tenapanor hydrochloride],Indications: Irritable bowel syndrome with constipation (IBS-C),NHE-3 inhibitor
Ibuprofen ,ibuprofen,Ibuprofen [ibuprofen],Indications: Pain or fever relief,Nonsteroidal anti-inflammatory drug (NSAID)
Imitrex ,sumatriptan succinate,Imitrex [sumatriptan succinate],Indications: Migraine headache,Antimigraine
Imuran ,azathioprine,Imuran [azathioprine],Indications: Rheumatoid arthritis,Immunosuppressant
Inderal XL ,propranolol hydrochloride,Inderal XL [propranolol hydrochloride],Indications: Angina pectoris; hypertension; cardiac arrhythmias,Beta blocker
Indocin ,indomethacin,Indocin [indomethacin],Indications: Treatment of pain and inflammation,Nonsteroidal anti-inflammatory drug (NSAID)
Integrilin ,eptifibatide,Integrilin [eptifibatide],Indications: Unstable angina; heart attacks; prevention of blood clots,Antiplatelet
Intron A ,interferon alfa 2-b,Intron A [interferon alfa 2-b],Indications: Cancer; hepatitis,Antineoplastic interferons; antiviral interferons
Introvale ,levonorgestrel/ethinyl estradiol,Introvale [levonorgestrel/ethinyl estradiol],Indications: Prevention of pregnancy,Contraceptive
Invanz ,ertapeneum sodium,Invanz [ertapeneum sodium],"Indications: Stomach, urinary tract, pelvis, skin and lung infections",Antibiotic
Invokamet ,canagliflozin/metformin hydrochloride,Invokamet [canagliflozin/metformin hydrochloride],Indications: Diabetes mellitus,Oral hypoglycemic
Invokana ,canagliflozin,Invokana [canagliflozin],Indications: Diabetes mellitus,Oral hypoglycemic
Isoniazid ,isoniazid,Isoniazid [isoniazid],Indications: Tuberculosis,Antibiotic
Isopto carpine ,pilocarpine hydrochloride,Isopto carpine [pilocarpine hydrochloride],Indications: Reduction of intraocular pressure in open-angle glaucoma or ocular hypertension; management of acute angle-closure glaucoma,Cholinergic parasympathomimetic agent
Isordil Titradose ,isosorbide dinitrate,Isordil Titradose [isosorbide dinitrate],Indications: Acute anginal attacks,Smooth muscle relaxant
Isturisa ,osilodrostat,Isturisa [osilodrostat],Indications: Cushing’s disease in adults,Cortisol synthesis inhibitor
Isuprel ,isoproterenol hydrochloride,Isuprel [isoproterenol hydrochloride],"Indications: Bronchodilator for asthma, chronic pulmonary emphysema, bronchitis, and other conditions accompanied by bronchospasm; can be used in cardiogenic shock cases",Adrenergic agent
Jantoven ,warfarin sodium,Jantoven [warfarin sodium],"Indications: Prophylaxis and treatment of venous thrombosis, pulmonary embolism; prevention of cerebral thrombosis, and treatment of consumptive coagulopathies",Anticoagulant
Janumet ,metformin hydrochloride/sitagliptin phosphate,Janumet [metformin hydrochloride/sitagliptin phosphate],Indications: Diabetes mellitus,Oral hypoglycemic
Januvia ,sitagliptin phosphate,Januvia [sitagliptin phosphate],Indications: Diabetes mellitus,Oral hypoglycemic
Jencycla ,norethindrone,Jencycla [norethindrone],Indications: Prevention of pregnancy,Contraceptive
Jentadueto ,linagliptin/metformin hydrochloride,Jentadueto [linagliptin/metformin hydrochloride]],Indications: Diabetes mellitus,Oral hypoglycemic
Junel ,ethinyl estradiol/norethindrone acetate,Junel [ethinyl estradiol/norethindrone acetate],Indications: Prevention of pregnancy,Contraceptive
Kadian ,morphine sulfate,Kadian [morphine sulfate],Indications: Moderate to severe pain,"Analgesic, narcotic"
Kariva ,desogestrel/ethinyl estradiol,Kariva [desogestrel/ethinyl estradiol],Indications: Prevention of pregnancy,Contraceptive
Katerzia ,amlodipine benzoate,Katerzia [amlodipine benzoate],Indications: Hypertension; coronary artery disease (CAD); chronic stable angina; prinzmetal’s angina; variant angina,Antihypertensive
Kazano ,alogliptin benzoate/metformin hydrochloride,Kazano [alogliptin benzoate/metformin hydrochloride],Indications: Diabetes mellitus,Oral hypoglycemic
Keflex ,cephalexin,Keflex [cephalexin],"Indications: Bone, middle ear, skin and skin structures, upper respiratory tract and urinary tract infections; acute prostatitis",Antibiotic
Kelnor ,ethynodiol diacetate/ethinyl estradiol,Kelnor [ethynodiol diacetate/ethinyl estradiol],Indications: Prevention of pregnancy,Contraceptive
Kenalog-10; Kenalog-40 ,triamcinolone acetonide,Kenalog-10; Kenalog-40 [triamcinolone acetonide],Indications: Gouty arthritis; bursitis; tenosynovitis; epicondylitis; rheumatoid arthritis; synovitis; osteoarthritis,Corticosteroid
Keytruda ,pembrolizumab,Keytruda [pembrolizumab],Indications: Cancer,Antineoplastic
Kimidess ,ethinyl estradiol/desogestrel,Kimidess [ethinyl estradiol/desogestrel],Indications: Prevention of pregnancy,Contraceptive
Klaron ,sulfacetamide sodium,Klaron [sulfacetamide sodium],Indications: Acne vulgaris,"Antibiotic, topical"
Klonopin ,clonazepam,Klonopin [clonazepam],Indications: Epilepsy; seizures; panic disorder,Anticonvulsant; CNS depressant
Klor-Con ,potassium chloride,Klor-Con [potassium chloride],Indications: Hypokalemia,Replaces potassium and maintains potassium level
Kombiglyze ,metformin hydrochloride/saxagliptin hydrochloride,Kombiglyze [metformin hydrochloride/saxagliptin hydrochloride],Indications: Diabetes mellitus,Oral hypoglycemic
K-Tab ,potassium chloride,K-Tab [potassium chloride],Indications: Hypokalemia,Replaces potassium and maintains potassium level
Kurvelo ,ethinyl estradiol/levonorgestrel,Kurvelo [ethinyl estradiol/levonorgestrel],Indications: Prevention of pregnancy; menstrual disorders,Contraceptive
Kyleena ,levonorgestrel,Kyleena [levonorgestrel],Indications: Prevention of pregnancy,Contraceptive
Lamisil ,terbinafine hydrochloride,Lamisil [terbinafine hydrochloride],"Indications: Tinea cruris (jock itch), T. pedis (athlete’s foot), T. corporis (ringworm)",Antifungal
Lanoxin ,digoxin,Lanoxin [digoxin],Indications: Congestive heart failure,Cardiotonic glycoside
Lantus ,insulin glargine recombinant,Lantus [insulin glargine recombinant],Indications: Diabetes mellitus,Insulin
Larin ,ethinyl estradiol/norethindrone acetate,Larin [ethinyl estradiol/norethindrone acetate],Indications: Prevention of pregnancy,Contraceptive
Lasix ,furosemide,Lasix [furosemide],"Indications: Management of edema associated with congestive heart failure, renal disease, including nephrotic syndrome and hypertension",Antihypertensive; diuretic
Lazanda ,fentanyl citrate,Lazanda [fentanyl citrate],Indications: Breakthrough cancer pain,"Analgesics, narcotic"
Lescol XL ,fluvastatin sodium,Lescol XL [fluvastatin sodium],Indications: Hypercholesterolemia; hyperlipidemia; hyperlipoproteinemia,HMG-CoA reductase inhibitor (statin)
Lessina-28 ,ethinyl estradiol/levonorgestrel,Lessina-28 [ethinyl estradiol/levonorgestrel],Indications: Prevention of pregnancy,Contraceptive
Letrozole ,letrozole,Letrozole [letrozole],Indications: Postmenopausal breast cancer,Aromatase inhibitor
Levemir ,insulin detemir recombinant,Levemir [insulin detemir recombinant],Indications: Diabetes mellitus,Insulin
Levonest ,levonorgestrel/ethinyl estradiol,Levonest [levonorgestrel/ethinyl estradiol],Indications: Prevention of pregnancy; menstrual disorders; acne,Contraceptive
Levora ,levonorgestrel/ethinyl estradiol,Levora [levonorgestrel/ethinyl estradiol],Indications: Prevention of pregnancy,Contraceptive
Levoxyl ,levothyroxine sodium,Levoxyl [levothyroxine sodium],Indications: Euthyroid goiter; hypothyroidism,Thyroid hormone
Lexapro ,escitalopram oxalate,Lexapro [escitalopram oxalate],Indications: Depression; anxiety,"Antidepressant, selective serotonin reuptake inhibitor (SSRI)"
Lialda ,mesalamine,Lialda [mesalamine],Indications: Ulcerative colitis,Anti-inflammatory
Lidocaine HCl ,lidocaine hydrochloride,Lidocaine HCl [lidocaine hydrochloride],"Indications: Management of ventricular arrhythmias or during cardiac manipulation, such as cardiac surgery",Antiarrhythmic
Liletta ,levonorgestrel,Liletta [levonorgestrel],Indications: Intrauterine device to prevent pregnancy,Contraceptive
Lincocin ,lincocin hydrochloride,Lincocin [lincocin hydrochloride],Indications: Severe bacterial infections,Antibiotic
Lipitor ,atorvastatin calcium,Lipitor [atorvastatin calcium],Indications: Hypercholesterolemia; hyperlipidemia; hyperproteinemia,HMG-CoA reductase inhibitor (statin)
Lithium carbonate ,lithium carbonate,Lithium carbonate [lithium carbonate],Indications: Control of manic episodes in bipolar disorders,Antimanic
Lo Loestrin Fe ,ethinyl estradiol/norethindrone acetate,Lo Loestrin Fe [ethinyl estradiol/norethindrone acetate],Indications: Prevention of pregnancy,Contraceptive
Locoid ,hydrocotisone butyrate,Locoid [hydrocotisone butyrate],Indications: Atopic dermatitis; other dermatoses,Corticosteroid – topical
Loestrin ,ethinyl estradiol/norethindrone acetate,Loestrin [ethinyl estradiol/norethindrone acetate],Indications: Prevention of pregnancy,Contraceptive
Lomotil ,diphenoxylate hydrochloride/atropine sulfate,Lomotil [diphenoxylate hydrochloride/atropine sulfate],Indications: Symptoms of chronic and functional diarrhea,Antidiarrheal
Lopid ,gemfibrozil,Lopid [gemfibrozil],"Indications: Hypercholesterolemia, hyperlipidemia, hyperlipoproteinemia, hypertriglyceridemia",Lipid regulating agent
Lopressor ,metoprolol tartrate,Lopressor [metoprolol tartrate],Indications: Angina pectoris; hypertension; acute myocardial infarction,Beta blocker
Lorazepam ,lorazepam,Lorazepam [lorazepam],"Indications: Anxiety disorder associated with depressive symptoms; controls tension, agitation, irritability, and insomnia",Antianxiety; sedative/hypnotic
Loryna ,drospirenone/ethinyl estradiol,Loryna [drospirenone/ethinyl estradiol],Indications: Prevention of pregnancy,Contraceptive
LoSeasonique ,ethinyl estradiol/levonorgestrel,LoSeasonique [ethinyl estradiol/levonorgestrel],Indications: Prevention of pregnancy,Contraceptive
Lotensin ,benazepril hydrochloride,Lotensin [benazepril hydrochloride],Indications: Hypertension,ACE inhibitor
Lotrel ,amlodipine besylate/benazepril hydrochloride,Lotrel [amlodipine besylate/benazepril hydrochloride],Indications: Hypertension,Antihypertensive
Lotrisone ,clotrimazole/betamethasone dipropionate,Lotrisone [clotrimazole/betamethasone dipropionate],"Indications: Relief of redness, swelling, itching, and other discomfort of fungus infections",Antifungal-corticosteroid
Lovastatin ,lovastatin,Lovastatin [lovastatin],Indications: Hypercholesterolemia; hyperlipidemia; hyperlipoproteinemia,HMG-CoA reductase inhibitor (statin)
Lovenox ,enoxaparin sodium,Lovenox [enoxaparin sodium],Indications: Prophylaxis and treatment of venous thrombosis and pulmonary embolism,Anticoagulant
Low-Ogestrel-28 ,norgestrel/ethinyl estradiol,Low-Ogestrel-28 [norgestrel/ethinyl estradiol],Indications: Prevention of pregnancy,Contraceptive
Lupron Depot ,leuprolide acetate,Lupron Depot [leuprolide acetate],Indications: Endometriosis symptoms; uterine fibroids,Agents affecting estrogen receptors and estrogen levels
Macrobid ,nitrofuantoin,Macrobid [nitrofuantoin],Indications: Urinary tract infections,Antibiotic
Macrodantin ,nitrofurantoin,Macrodantin [nitrofurantoin],Indications: Urinary tract infections,Antibiotic
Marlissa ,ethinyl estradiol/levonorgestrel,Marlissa [ethinyl estradiol/levonorgestrel],Indications: Prevention of pregnancy,Contraceptive
Maxipime ,cefepime hydrochloride,Maxipime [cefepime hydrochloride],Indications: Bacterial infections,Antibiotic
Meclizine hydrochloride ,meclizine hydrochloride,Meclizine hydrochloride [meclizine hydrochloride],"Indications: Nausea and vomiting, and dizziness associated with motion sickness",Antihistamine
Medrol ,methylprednisolone,Medrol [methylprednisolone],"Indications: Endocrine, rheumatic, hematologic disorders; collagen, dermatological, ophthalmic, respiratory, neoplastic, gastrointestinal, nervous system disorders; allergic and edematous states",Corticosteroid
Megace ES ,megestrol acetate,Megace ES [megestrol acetate],Indications: Endometrial or advanced breast cancers; weight loss due to AIDS,Agents affecting estrogen receptors and estrogen levels
Menest ,esteriefied estrogens,Menest [esteriefied estrogens],Indications: Menopause symptoms; ovarian failure,Estrogen therapy
Menostar ,estradiol,Menostar [estradiol],Indications: Menopause symptoms; osteoporosis prevention,Estrogen therapy
Mepron ,atovaquone,Mepron [atovaquone],Indications: Pneumonia due to pneumocystis jirovecii,Antibiotic
Merrem ,meropenem,Merrem [meropenem],Indications: Bacterial infections of skin or stomach; bacterial meningitis,Antibiotic
Metformin ,metformin hydrochloride,Metformin [metformin hydrochloride],Indications: Diabetes mellitus,Oral hypoglycemic
Methadone HCl ,methadone hydrochloride,Methadone HCl [methadone hydrochloride],Indications: Pain; treatment of opioid addiction,"Analgesic, narcotic; opioid agonist"
Methadose ,methadone hydrochloride,Methadose [methadone hydrochloride],Indications: Acute and chronic pain,"Analgesic, narcotic"
Methergine ,methylergonovine maleate,Methergine [methylergonovine maleate],Indications: Routine management of postpartum hemorrhage after delivery of placenta,Oxytocic agent
Methylprednisolone ,methylprednisolone,Methylprednisolone [methylprednisolone],Indications: Inflammatory disorders,Corticosteroid
Metronidazole ,metronidazole,Metronidazole [metronidazole],Indications: Bacterial infections,Antibiotic
Miacalcin ,calcitonin salmon,Miacalcin [calcitonin salmon],"Indications: Hypercalcemia, osteoporosis, postmenopausal symptoms, Paget’s disease",Calcitonin; a peptide hormone
Microgestin ,ethinyl estradiol/norethindrone acetate,Microgestin [ethinyl estradiol/norethindrone acetate],Indications: Prevention of pregnancy,Contraceptive
Minastrin ,ethinyl estradiol/norethindrone acetate,Minastrin [ethinyl estradiol/norethindrone acetate],Indications: Prevention of pregnancy,Contraceptive
Minivelle ,estradiol,Minivelle [estradiol],Indications: Menopause symptoms; osteoporosis prevention,Estrogen therapy
Minocin ,minocycline hydrochloride,Minocin [minocycline hydrochloride],Indications: Bacterial infections; acne,Antibiotic
Mirena ,levonorgestrel,Mirena [levonorgestrel],Indications: Intrauterine device for prevention of pregnancy; menstrual disorders,Contraceptive
Mobic ,meloxicam,Mobic [meloxicam],Indications: Treatment of pain and inflammation due to osteoarthritis and rheumatoid arthritis,Nonsteroidal anti-inflammatory drug (NSAID)
Monoclonal antibodies,,Monoclonal antibodies,Indications: Cancer; prophylaxis of organ transplant rejection,Monoclonal antibodies
Monodox ,doxycycline,Monodox [doxycycline],Indications: Bacterial infections; acne,Antibiotic
Mono-Linyah ,norgestimate/ethinyl estradiol,Mono-Linyah [norgestimate/ethinyl estradiol],Indications: Prevention of pregnancy; menstrual disorders; acne,Contraceptive
Monurol ,fosfomycin tromethamine,Monurol [fosfomycin tromethamine],Indications: Bacterial bladder infections,Antibiotic
Morphine sulfate ,morphine sulfate,Morphine sulfate [morphine sulfate],Indications: Moderate to severe pain,"Analgesic, narcotic"
Motrin IB ,ibuprofen,Motrin IB [ibuprofen],Indications: Pain or fever relief,Nonsteroidal anti-inflammatory drug (NSAID)
MS Contin ,morphine sulfate,MS Contin [morphine sulfate],Indications: Moderate to severe pain,"Analgesic, narcotic"
Multaq ,dronedarone hydrochloride,Multaq [dronedarone hydrochloride],Indications: Treatment of patients with recent episodes of atrial fibrillation or atrial flutter,Cardiac rhythm regulator
Mycobutin ,rifabutin,Mycobutin [rifabutin],Indications: Mycobacterium avium complex (MAC) prophylactic in HIV patients,Antibiotic
Mytesi ,crofelemer,Mytesi [crofelemer],Indications: Diarrhea occurring in HIV/AIDs patient’s on anti-retroviral therapy,Antidiarrheal
Myzilra ,ethinyl estradiol/levonorgestrel,Myzilra [ethinyl estradiol/levonorgestrel],Indications: Prevention of pregnancy,Contraceptive
Nabumetone ,nabumetone,Nabumetone [nabumetone],Indications: Osteoarthritis and rheumatoid arthritis,Nonsteroidal anti-inflammatory drug (NSAID)
Nalfon ,fenoprofen calcium,Nalfon [fenoprofen calcium],Indications: Pain or inflammation relief,Nonsteroidal anti-inflammatory drug (NSAID)
Namzaric ,memantine/donepezil hydrochlroides,Namzaric [memantine/donepezil hydrochlroides],Indications: Dementia due to Alzheimer’s,Acetylcholinesterase/cholinesterase inhibitors
Naprelan ,naproxen sodium,Naprelan [naproxen sodium],Indications: Pain or inflammation relief,Nonsteroidal anti-inflammatory drug (NSAID)
Naprosyn ,naproxen,Naprosyn [naproxen],"Indications: Rheumatoid, gouty arthritis and osteoarthritis; ankylosing spondylitis; bursitis; dysmenorrhea; pain, mild to moderate; tendonitis",Nonsteroidal anti-inflammatory drug (NSAID)
Natazia ,estradiol valerate/dienogest,Natazia [estradiol valerate/dienogest],Indications: Prevention of pregnancy; menstrual disorders,Contraceptive
Nebupent ,pentamidine isethionate,Nebupent [pentamidine isethionate],Indications: Severe bacterial lung infection in high risk patients with HIV,Antibiotic
Nefazodone HCl ,nefazodone hydrochloride,Nefazodone HCl [nefazodone hydrochloride],Indications: Depression,Antidepressant
Nembutal sodium ,pentobarbital sodium,Nembutal sodium [pentobarbital sodium],Indications: Adjunct medication in diagnostic procedures or for emergency use with convulsive disorders,Sedative/hypnotic
NeoProfen ,ibuprofen lysine,NeoProfen [ibuprofen lysine],Indications: Pain or fever relief,Nonsteroidal anti-inflammatory drug (NSAID)
Neoral ,cyclosporine,Neoral [cyclosporine],Indications: Prophylaxis of organ transplant rejection,Immunosuppressant
Neosporin ,"bacitracin, neomycin","Neosporin [bacitracin, neomycin]",Indications: Bacterial skin infections,"Antibiotic, topical"
Neurontin ,gabapentin,Neurontin [gabapentin],"Indications: Epilepsy, partial",Anticonvulsant
Nexium ,esomeprazole magnesium,Nexium [esomeprazole magnesium],"Indications: Gastroesophageal reflux disease (GERD), erosive esophagitis",Proton pump inhibitor
Nexplanon ,etonogestrel,Nexplanon [etonogestrel],Indications: Implantable device used for prevention of pregnancy,Contraceptive
Nitrofurantoin ,nitrofurantoin,Nitrofurantoin [nitrofurantoin],Indications: Bacterial urinary tract infections,Antibiotic
Nitropress ,sodium nitroprusside,Nitropress [sodium nitroprusside],"Indications: Potent, rapid action in reducing blood pressure in hypertensive crisis or for controlling bleeding during anesthesia by producing controlled hypotension",Vasodilator
Nitrostat ,nitroglycerin,Nitrostat [nitroglycerin],"Indications: Prophylaxis and treatment of angina pectoris; heart failure associated with myocardial infarction; hypertension, perioperative; surgery, adjunct",Muscle relaxant; antianginal; antihypertensive; coronary vasodilator
Norco ,acetaminophen/hydrocodone bitartrate,Norco [acetaminophen/hydrocodone bitartrate],Indications: Moderate to severe pain,"Analgesic, narcotic"
Norinyl ,mestranol/norethisterone,Norinyl [mestranol/norethisterone],Indications: Prevention of pregnancy,Contraceptive
Norpace ,disopyramide phosphate,Norpace [disopyramide phosphate],"Indications: Coronary artery disease, for prevention, recurrence and control of unifocal, multifocal, and paired PVCs",Antiarrhythmic
Nortrel ,ethinyl estradiol/norethindrone,Nortrel [ethinyl estradiol/norethindrone],Indications: Prevention of pregnancy,Contraceptive
Norvasc ,amlodipine besylate,Norvasc [amlodipine besylate],Indications: Hypertension; coronary artery disease (CAD); chronic stable angina; prinzmetal’s angina; variant angina,Antihypertensive
Novolin ,insulin recombinant,Novolin [insulin recombinant],Indications: Diabetes mellitus,Insulin
Novolog ,insulin aspart recombinant,Novolog [insulin aspart recombinant],Indications: Diabetes mellitus,Insulin
Nucynta ,tapentadol hydrochloride,Nucynta [tapentadol hydrochloride],Indications: Moderate to severe pain,"Analgesic, narcotic"
NuvaRing ,etonogestrel/ethinyl estradiol,NuvaRing [etonogestrel/ethinyl estradiol],Indications: Vaginal ring to Prevention of pregnancy,Contraceptive
Ogestrel ,norgestrel/ethinyl estradiol,Ogestrel [norgestrel/ethinyl estradiol],Indications: Prevention of pregnancy,Contraceptive
Onglyza ,saxagliptin hydrochloride,Onglyza [saxagliptin hydrochloride],Indications: Diabetes mellitus,Oral hypoglycemic
Oracea ,doxycycline,Oracea [doxycycline],Indications: Rosacea,Antibiotic
Orapred ODT ,prednisolone sodium phosphate,Orapred ODT [prednisolone sodium phosphate],Indications: Inflammatory disorders,Corticosteroid
Orbactiv ,oritavancin diphosphate,Orbactiv [oritavancin diphosphate],Indications: Bacterial skin infections,Antibiotic
Orencia ,abatacept,Orencia [abatacept],Indications: Rheumatoid arthritis; polyarticular juvenile idiopathic arthritis; psoriatic arthritis,Antirheumatic
Orilissa ,elagolix,Orilissa [elagolix],Indications: Pain associated with endometriosis,Hormone therapy
Orphenadrine citrate ,orphenadrine citrate,Orphenadrine citrate [orphenadrine citrate],"Indications: Acute spasms, tension, and post-trauma cases",Muscle relaxant
Orsythia ,ethinyl estradiol/levonorgestrel,Orsythia [ethinyl estradiol/levonorgestrel],Indications: Prevention of pregnancy,Contraceptive
Ortho-Novum ,norethindrone/ethinyl estradiol,Ortho-Novum [norethindrone/ethinyl estradiol],Indications: Prevention of pregnancy,Contraceptive
Oseni ,alogliptin benzoate/pioglitazone hydrochloride,Oseni [alogliptin benzoate/pioglitazone hydrochloride],Indications: Diabetes mellitus,Oral hypoglycemic
Osphena ,ospemifene,Osphena [ospemifene],Indications: Postmenopausal dyspareunia due to vaginal atrophy; osteoporosis prevention and treatment of menopausal symptoms,Selective estrogen receptor modulator (SERM)
Otezla ,apremilast,Otezla [apremilast],Indications: Psoriatic arthritis; plaque psoriasis,Antirheumatic
Oxazepam ,oxazepam,Oxazepam [oxazepam],"Indications: Anxiety, tension, and alcohol withdrawal",Antianxiety
Oxbryta ,voxelotor,Oxbryta [voxelotor],Indications: Sickle cell disease,Hemoglobin S polymerization inhibitor
Oxycodone HCl ,oxycodone hydrochloride,Oxycodone HCl [oxycodone hydrochloride],Indications: Moderate to severe pain,"Analgesic, narcotic"
OxyContin ,oxycodone hydrochloride,OxyContin [oxycodone hydrochloride],Indications: Moderate to severe pain,"Analgesic, narcotic"
Ozempic ,semaglutide,Ozempic [semaglutide],Indications: Diabetes mellitus,Antidiabetic – non-insulin injectable
Paxil ,paroxetine hydrochloride,Paxil [paroxetine hydrochloride],Indications: Anxiety with panic disorder and depression; obsessive-compulsive disorder,Antidepressant
PediaPred ,prednisolone sodium phosphate,PediaPred [prednisolone sodium phosphate],Indications: Inflammatory disorders,Corticosteroid
Pegintron ,peginterferon alfa-2b,Pegintron [peginterferon alfa-2b],Indications: Hepatitis C,Antiviral
Penicillin-VK ,penicillin V potassium,Penicillin-VK [penicillin V potassium],"Indications: Chorea, prevention; endocarditis, prevention, secondary to tooth extraction; erysipelas; infections of the skin and skin structures, upper respiratory tract; rheumatic fever, prophylaxis; scarlet fever; Vincent’s gingivitis; Vincent’s pharyngitis",Antibiotic
Pentam ,pentamidine isethionate,Pentam [pentamidine isethionate],Indications: Severe bacterial lung infections,Antibiotic
Pentasa ,mesalamine,Pentasa [mesalamine],Indications: Ulcerative colitis and Crohn’s disease,Anti-inflammatory
Pepcid ,famotidine,Pepcid [famotidine],"Indications: Acid/peptic disorder; adenoma, secretory; gastroesophageal reflux; duodenal and gastric ulcer; Zollinger-Ellison syndrome",Histamine H2-receptor inhibitor
Percocet ,oxycodone hydrochloride/acetaminophen,Percocet [oxycodone hydrochloride/acetaminophen],"Indications: Pain, moderate to severe","Analgesic, narcotic"
Persantine ,dipyridamole,Persantine [dipyridamole],"Indications: Therapy for chronic angina pectoris, preventing clots post heart valve surgery",Antiplatelet
Pfizerpen ,penicillin g potassium,Pfizerpen [penicillin g potassium],Indications: Severe bacterial infections,Antibiotic
Phenobarbital ,phenobarbital sodium,Phenobarbital [phenobarbital sodium],Indications: Grand mal epilepsy,Anticonvulsant
Philith ,ethinyl estradiol/norethindrone,Philith [ethinyl estradiol/norethindrone],Indications: Prevention of pregnancy,Contraceptive
Pimtrea ,desogestrel/ethinyl estradiol,Pimtrea [desogestrel/ethinyl estradiol],Indications: Prevention of pregnancy,Contraceptive
Piqray ,alpelisib,Piqray [alpelisib],"Indications: Postmenopausal advanced or metastatic breast cancer that is HR positive, HER2 negative",Kinase inhibitor
Pirmella ,ethinyl estradiol/norethindrone,Pirmella [ethinyl estradiol/norethindrone],Indications: Prevention of pregnancy,Contraceptive
Pitocin ,oxytocin,Pitocin [oxytocin],Indications: Induction or stimulation of labor at term,Uterotonic
Plan B One-Step ,levonorgestrel,Plan B One-Step [levonorgestrel],Indications: Prevention of pregnancy,Contraceptive
Plavix ,clopidogrel bisulfate,Plavix [clopidogrel bisulfate],Indications: Lessening of the chance of heart attack or stroke,Antiplatelet
Ponstel ,mefenamic acid,Ponstel [mefenamic acid],Indications: Treatment of pain,Nonsteroidal anti-inflammatory drug (NSAID)
Portia-28 ,ethinyl estradiol/levonorgestrel,Portia-28 [ethinyl estradiol/levonorgestrel],Indications: Prevention of pregnancy,Contraceptive
Pradaxa ,dabigatran etexilate mesylate,Pradaxa [dabigatran etexilate mesylate],Indications: Prophylaxis and treatment of blood clots in patients with atrial fibrillation,Anticoagulant
Prasugrel ,prasugrel hydrocloride,Prasugrel [prasugrel hydrocloride],Indications: Lessening the chance of heart attack or stroke,Antiplatelet
Pravachol ,pravastatin sodium,Pravachol [pravastatin sodium],Indications: Hypercholesterolemia; hyperlipidemia; hyperlipoproteinemia,HMG-CoA reductase inhibitor (statin)
Prednisolone ,prednisolone,Prednisolone [prednisolone],Indications: Inflammatory disorders,Corticosteroid
Prednisone ,prednisone,Prednisone [prednisone],"Indications: Used for its immunosuppressant effects and for relief of inflammation; used in arthritis, polymyositis and other systemic diseases",Corticosteroid
Pregnyl ,chorionic gonadotropin,Pregnyl [chorionic gonadotropin],Indications: Prepubertal cryptorchidism; hypogonadism; corpus luteum insufficiency and infertility,Gonadotropic hormone
Prempro ,conjugated estrogens/medroxyprogesterone acetate,Prempro [conjugated estrogens/medroxyprogesterone acetate],Indications: Menopause; osteoporosis; atrophic vaginitis,Estrogen/progesterone therapy
Prevacid ,lansoprazole,Prevacid [lansoprazole],"Indications: Acid/peptic disorder, erosive esophagitis, duodenal ulcer, Zollinger-Ellison syndrome",Proton pump inhibitor
Previfem ,ethinyl estradiol/norgestimate,Previfem [ethinyl estradiol/norgestimate],Indications: Prevention of pregnancy,Contraceptive
Prezcobix ,darunavir/cobicistat,Prezcobix [darunavir/cobicistat],Indications: HIV,Antiviral
Prezista ,darunavir ethanolate,Prezista [darunavir ethanolate],Indications: HIV,Antiviral
Priftin ,rifapentine,Priftin [rifapentine],Indications: Tuberculosis,Antibiotic
Prilosec ,omeprazole magnesium,Prilosec [omeprazole magnesium],"Indications: Acid/peptic disorder; endocrine adenoma; erosive esophagitis; systemic mastocytosis; gastroesophageal reflux; duodenal, peptic and gastric ulcer; Zollinger-Ellison syndrome",Proton pump inhibitor
Primaxin ,cilastatin sodium/imipenem,Primaxin [cilastatin sodium/imipenem],"Indications: Skin, stomach, bone, joint, endocarditis, UTI, female reproductive organs or lower respiratory tract infections",Antibiotic
Prinivil ,lisinopril,Prinivil [lisinopril],Indications: Congestive heart failure; hypertension,ACE inhibitor
Pristiq ,desvenlafaxine,Pristiq [desvenlafaxine],Indications: Major depressive disorder,Antidepressant; serotonin and norepinephrine reuptake inhibitor (SNRI)
Procardia ,nifedipine,Procardia [nifedipine],"Indications: Management of vasospastic angina and chronic stable angina, hypertension",Calcium channel blocker
Prograf ,tacrolimus,Prograf [tacrolimus],Indications: Prophylaxis of organ transplant rejection,Immunosuppressant
Prolia ,denosumab,Prolia [denosumab],Indications: Treatment and prevention of bone resorption and prevention of bone fracture,Monoclonal antibody
Promethazine hydrochloride ,promethazine hydrochloride,Promethazine hydrochloride [promethazine hydrochloride],"Indications: Anesthesia; adjunct; angioedema; conjunctivitis; dermographism; hypersensitivity, motion sickness; pain; perennial, seasonal, and allergic rhinitis; sedation, obstetrical; urticaria","Anesthesia, adjunct to; antiemetic; antihistamine; antitussive/expectorant; sedative/hypnotic; vertigo/motion sickness/vomiting"
Protonix ,pantoprazole,Protonix [pantoprazole],Indications: Short-term treatment and maintenance therapy of erosive esophagitis associated with gastroesophageal reflux disease (GERD),Proton pump inhibitor
Protopic ,tacrolimus,Protopic [tacrolimus],Indications: Atomic dermatitis (eczema),Immunosuppressant
Proventil-HFA ,albuterol sulfate,Proventil-HFA [albuterol sulfate],Indications: Asthma,Antiasthmatic/bronchodilator
Provera ,medroxyprogesterone acetate,Provera [medroxyprogesterone acetate],"Indications: Amenorrhea; carcinoma, endometrium, adjunct; carcinoma, renal; Prevention of pregnancy; hemorrhage",Antineoplastic; contraceptive; progestin
Prozac ,fluoxetine hydrochloride,Prozac [fluoxetine hydrochloride],Indications: Bulimia nervosa; depression; obsessive-compulsive disorder,Selective serotonin reuptake inhibitor (SSRI)
Pulmicort ,budesonide,Pulmicort [budesonide],Indications: Prophylaxis and treatment of asthma,Corticosteroid – inhaled; antiasthmatic
Qnasl ,beclomethasone dipropionate,Qnasl [beclomethasone dipropionate],Indications: Perennial and seasonal allergies; vasomotor rhinitis,Corticosteroid – intranasal
Qtern ,dapagliflozin propanediol/saxagliptin hydrochloride,Qtern [dapagliflozin propanediol/saxagliptin hydrochloride],Indications: Diabetes mellitus,Oral hypoglycemic
Quartette ,levonorgestrel/ethinyl estradiol,Quartette [levonorgestrel/ethinyl estradiol],Indications: Prevention of pregnancy,Contraceptive
Qvar Redihaler ,beclomethasone dipropionate,Qvar Redihaler [beclomethasone dipropionate],Indications: Prophylaxis and treatment of asthma,Corticosteroid – inhaled; antiasthmatic
Raloxifene HCl ,raloxifene hydrochloride,Raloxifene HCl [raloxifene hydrochloride],Indications: Prevention of thinning of the bones (osteoporosis) only in postmenopausal women,Selective estrogen receptor modulator (SERM)
Rapaflo ,silodosin,Rapaflo [silodosin],Indications: Benign prostatic hyperplasia,Antiadrenergic
Rapamune ,sirolimus,Rapamune [sirolimus],Indications: Prophylaxis of organ transplant rejection,Immunosuppressant
Rayos ,prednisone,Rayos [prednisone],Indications: Arthritis; blood disorders; allergies; asthma,Corticosteroid; antiasthmatic
Rebetol ,ribavirin,Rebetol [ribavirin],Indications: Chronic hepatitis C,Antiviral
Rebif ,interferon beta-1a,Rebif [interferon beta-1a],Indications: Treatment of relapsing multiple sclerosis,Antiviral
Reclast ,zoledronic acid,Reclast [zoledronic acid],Indications: Prevention of thinning of the bones (osteoporosis); Paget’s disease; bone cancer,Bisphosphonate
Relenza ,zanamivir,Relenza [zanamivir],Indications: Treat and prevent influenza A and B,Antiviral
Renvela ,sevelamer carbonate,Renvela [sevelamer carbonate],Indications: Chronic kidney disease (CKD) on dialysis,Phosphate binder
Repaglinide ,repaglinide,Repaglinide [repaglinide],Indications: Diabetes mellitus,Oral hypoglycemic
Restasis ,cyclosporine ophthalmic emulsion,Restasis [cyclosporine ophthalmic emulsion],Indications: Ocular inflammation due to keratoconjunctivitis sicca,"Anti-inflammatory, ophthalmic"
Restoril ,temazepam,Restoril [temazepam],Indications: Insomnia,Sedative/hypnotic
Retrovir ,zidovudine,Retrovir [zidovudine],Indications: Indicated in symptomatic HIV infection,Antiretroviral
Reyvow ,lasmiditan,Reyvow [lasmiditan],Indications: Migraine with or without aura,Serotonin 1F receptor agonist
Rifadin ,rifampin,Rifadin [rifampin],Indications: Tuberculosis,Antibiotic
Rimactane ,rifampin,Rimactane [rifampin],Indications: Tuberculosis,Antibiotic
Rinvoq ,upadacitinib,Rinvoq [upadacitinib],Indications: Rheumatoid arthritis,Antirheumatic
Riomet ,metformin hydrochloride,Riomet [metformin hydrochloride],Indications: Diabetes mellitus,Oral hypoglycemic
Risperdal ,risperidone,Risperdal [risperidone],Indications: Schizophrenia; bipolar I disorder,Antipsychotic/antimanic
Ritalin ,methylphenidate hydrochloride,Ritalin [methylphenidate hydrochloride],Indications: Depression; hyperkinetic activity in children,CNS stimulant
Roxicet ,oxycodone hydrochloride/acetaminophen,Roxicet [oxycodone hydrochloride/acetaminophen],"Indications: Pain, moderate to severe","Analgesic, narcotic"
Roxicodone ,oxycodone hydrochloride,Roxicodone [oxycodone hydrochloride],Indications: Pain relief,"Analgesic, narcotic"
Rybelsus ,semaglutide,Rybelsus [semaglutide],Indications: Diabetes mellitus,Oral hypoglycemic
Sabril ,vigabatrin,Sabril [vigabatrin],Indications: Refractory complex partial seizures,Anticonvulsant
Safyral ,drospirenone/ethinyl estradiol/levomefolate calcium,Safyral [drospirenone/ethinyl estradiol/levomefolate calcium],Indications: Prevention of pregnancy,Contraceptive
Sandimmune ,cyclosporine,Sandimmune [cyclosporine],Indications: Prophylaxis of organ transplant rejection,Immunosuppressant
Sarafem ,fluoxetine hydrochloride,Sarafem [fluoxetine hydrochloride],Indications: Premenstrual dysphoric disorder (PMDD),Selective serotonin reuptake inhibitor (SSRI)
Savaysa ,edoxaban tosylate,Savaysa [edoxaban tosylate],"Indications: Prophylaxis and treatment of venous thrombosis, pulmonary embolism; prevention of blood clots due to atrial fibrillation",Anticoagulant
Seasonale ,levonorgestrel/ethinyl estradiol,Seasonale [levonorgestrel/ethinyl estradiol],Indications: Prevention of pregnancy,Contraceptive
Seasonique ,ethinyl estradiol/levonorgestrel,Seasonique [ethinyl estradiol/levonorgestrel],Indications: Prevention of pregnancy,Contraceptive
Selfemra ,fluoxetine hydrochloride,Selfemra [fluoxetine hydrochloride],Indications: Premenstrual dysphoric disorder (PMDD),Selective serotonin reuptake inhibitor (SSRI)
Septra ,sulfamethoxazole trimethoprim,Septra [sulfamethoxazole trimethoprim],"Indications: Urinary tract infections, acute otitis media, acute exacerbations of chronic bronchitis, and shigellosis",Antibiotic
Serevent ,salmeterol xinafoate,Serevent [salmeterol xinafoate],Indications: Asthma,Bronchodilator
Seromycin ,cycloserine,Seromycin [cycloserine],Indications: Tuberculosis; urinary tract infections,Antibiotic
Seroquel XR ,quetiapine fumarate,Seroquel XR [quetiapine fumarate],Indications: Schizophrenia; bipolar disorder; major depressive disorder,Antipsychotic
Setlakin ,ethinyl estradiol/levonorgestrel,Setlakin [ethinyl estradiol/levonorgestrel],Indications: Prevention of pregnancy,Contraceptive
Silvadene ,silver sulfadiazine,Silvadene [silver sulfadiazine],Indications: Wound sepsis due to second/third degree burns,"Antibiotic, topical"
Simulect ,basiliximab,Simulect [basiliximab],Indications: Prophylaxis of organ transplant rejection,Immunosuppressant
Sinemet ,carbidopa/levodopa,Sinemet [carbidopa/levodopa],Indications: Parkinson’s disease,Antiparkinsonism
Singulair ,montelukast sodium,Singulair [montelukast sodium],Indications: Asthma; exercise-induced bronchoconstriction; perennial and seasonal allergic rhinitis,Antiasthmatic
Sirolimus ,sirolimus,Sirolimus [sirolimus],Indications: Prophylaxis of organ transplant rejection,Immunosuppressant
Sitagliptin ,sitagliptin/metformin hydrochloride,Sitagliptin [sitagliptin/metformin hydrochloride],Indications: Diabetes mellitus,Oral hypoglycemic
Sivextro ,tedizolid phosphate,Sivextro [tedizolid phosphate],Indications: Skin infections including MRSA,Antibiotic
Skyla ,levonorgestrel,Skyla [levonorgestrel],Indications: Intrauterine device to prevent pregnancy,Contraceptive
Soliqua ,insulin glargine/lixisenatide,Soliqua [insulin glargine/lixisenatide],Indications: Diabetes mellitus,Insulin
Solodyn ,minocycline hydrochloride,Solodyn [minocycline hydrochloride],Indications: Bacterial infections,Antibiotic
Soltamox ,tamoxifen citrate,Soltamox [tamoxifen citrate],Indications: Breast cancer,Selective estrogen receptor modulator (SERM)
Solu-Cortef ,hydrocortisone sodium succinate,Solu-Cortef [hydrocortisone sodium succinate],Indications: Asthma; severe inflammation; allergic reactions,Corticosteroid; antiasthmatic
Solu-Medrol ,methylprednisolone sodium succinate,Solu-Medrol [methylprednisolone sodium succinate],Indications: Anti-inflammatory and antiallergenic for shock and ulcerative colitis,Corticosteroid
Spiriva ,tiotropium bromide,Spiriva [tiotropium bromide],Indications: Chronic obstructive pulmonary disease (COPD); asthma,Antiasthmatic/bronchodilator
Sprintec ,norgestimate/ethinyl estradiol,Sprintec [norgestimate/ethinyl estradiol],Indications: Prevention of pregnancy,Contraceptive
Strattera ,atomexetine hydrochloride,Strattera [atomexetine hydrochloride],Indications: Attention deficit hyperactivity disorder (ADHD),CNS stimulant
Streptomycin sulfate ,streptomycin sulfate,Streptomycin sulfate [streptomycin sulfate],Indications: Severe bacterial infections,Antibiotic
Suboxone ,buprenorphine/naloxone,Suboxone [buprenorphine/naloxone],Indications: Treatment of opioid addiction,Opioid agonist
Supprelin LA ,histrelin acetate,Supprelin LA [histrelin acetate],Indications: Precocious puberty,Agents affecting estrogen receptors and estrogen levels
Suprax ,cefixime,Suprax [cefixime],Indications: Bacterial infections,Antibiotic
Sustiva ,efavirenz,Sustiva [efavirenz],Indications: HIV/AIDs,Antiviral
Syeda ,drospirenone/ethinyl estradiol,Syeda [drospirenone/ethinyl estradiol],Indications: Prevention of pregnancy,Contraceptive
Sylatron ,peginterferon alfa-2b,Sylatron [peginterferon alfa-2b],Indications: Prevention of recurrent malignant melanoma,Antineoplastic interferons; antiviral interferons
Symbicort ,budesonide/formoterol fumarate dihydrate,Symbicort [budesonide/formoterol fumarate dihydrate],Indications: Prophylaxis and treatment of asthma and COPD,Corticosteroid – inhaled; antiasthmatic
Symbyax ,olanzapine/fluoxetine,Symbyax [olanzapine/fluoxetine],Indications: Acute depressive episodes associated with bipolar I disorder; treatment resistant depression,Antidepressant
Symtuza ,darunavir/cobicistat/emtricitabine/teno fovir alafenamide,Symtuza [darunavir/cobicistat/emtricitabine/teno fovir alafenamide],Indications: HIV,Antiretroviral
Synarel ,nafarelin acetate,Synarel [nafarelin acetate],Indications: Endometriosis symptoms; precocious puberty,Agents affecting estrogen receptors and estrogen levels
Synercid ,dalfopristin/quinupristin,Synercid [dalfopristin/quinupristin],Indications: Severe blood infections,Antibiotic
Synjardy ,empagliflozin/metformin hydrochloride,Synjardy [empagliflozin/metformin hydrochloride],Indications: Diabetes mellitus,Oral hypoglycemic
Synthroid ,levothyroxine sodium,Synthroid [levothyroxine sodium],Indications: Hypothyroidism,Thyroid hormone
Tacrolimus ,tacrolimus,Tacrolimus [tacrolimus],Indications: Prophylaxis of organ transplant rejection,Immunosuppressant
Talicia ,omeprazole magnesium/amoxicillin/rifabutin,Talicia [omeprazole magnesium/amoxicillin/rifabutin],Indications: Helicobacter pylori infection,Combination antibiotic
Tamiflu ,oseltamivir phosphate,Tamiflu [oseltamivir phosphate],Indications: Treatment and prevention of influenza A and B,Antiviral
Tamoxifen citrate ,tamoxifen citrate,Tamoxifen citrate [tamoxifen citrate],Indications: Metastatic breast cancer in postmenopausal women,Selective estrogen receptor modulator (SERM)
Tanzeum ,albiglutide,Tanzeum [albiglutide],Indications: Diabetes mellitus,Antidiabetic – non-insulin injectable
Tazicef ,ceftazidime,Tazicef [ceftazidime],Indications: Confirmed or suspected bacterial infections,Antibiotic
Teflaro ,ceftaroline fosamil,Teflaro [ceftaroline fosamil],Indications: Bacterial skin infections; pneumonia,Antibiotic
Tegretol ,carbamazepine,Tegretol [carbamazepine],"Indications: Epilepsy, especially with complex symptomatology; specific analgesic for trigeminal neuralgia",Anticonvulsant; analgesic
Tenormin ,atenolol,Tenormin [atenolol],Indications: Angina pectoris; hypertension; acute myocardial infarction,Beta blocker
Terazosin HCl ,terazosin hydrochloride,Terazosin HCl [terazosin hydrochloride],Indications: Benign prostatic hypertrophy; hypertension,Antiadrenergic
Testim ,testosterone,Testim [testosterone],Indications: Primary hypogonadism; hypogonadotropic hypogonadism,Testosterone therapy – topical
Tetracycline ,tetracycline,Tetracycline [tetracycline],Indications: Bacterial infections,Antibiotic
Tiazac ,diltiazem hydrochloride,Tiazac [diltiazem hydrochloride],"Indications: Chronic stable angina, atrial fibrillation, atrial flutter, hypertension, paroxysmal supraventricular tachycardia",Calcium channel blocker
Tivorbex ,indomethacin,Tivorbex [indomethacin],"Indications: Treatment of pain, inflammation and joint stiffness",Nonsteroidal anti-inflammatory drug (NSAID)
Tobradex ,tobramycin/dexamethasone,Tobradex [tobramycin/dexamethasone],"Indications: Infectious conjunctivitis; dermatosis, corticosteroid-responsive with secondary infection; foreign body in eye; corneal inflammation; uveitis",Aminoglycoside ocular anti-infective; anti-inflammatory
Tobramycin ,dexamethasone/tobramycin,Tobramycin [dexamethasone/tobramycin],Indications: Bacterial eye infections,Antibiotic
Topamax ,topiramate,Topamax [topiramate],Indications: Epilepsy; primary generalized tonic-clonic seizures; seizures associated with Lennox-Gastaut syndrome; migraine headache,Anticonvulsant
Toprol-XL ,metoprolol succinate,Toprol-XL [metoprolol succinate],Indications: Angina pectoris; hypertension,Beta blocker
Toremifene citrate ,toremifene citrate,Toremifene citrate [toremifene citrate],Indications: Metastatic breast cancer in postmenopausal women,Selective estrogen receptor modulator (SERM)
Torisel ,temsirolimus,Torisel [temsirolimus],Indications: Renal cell carcinoma,Antineoplastic
Toujeo Solostar ,insulin glargine recombinant,Toujeo Solostar [insulin glargine recombinant],Indications: Diabetes mellitus,Insulin
Tradjenta ,linagliptin,Tradjenta [linagliptin],Indications: Diabetes mellitus,Oral hypoglycemic
Trazodone HCl ,trazodone hydrochloride,Trazodone HCl [trazodone hydrochloride],Indications: Depression,Antidepressant
Trelegy Ellipta ,fluticasone furoate/umeclidinium bromide/vilanterol trifenatate,Trelegy Ellipta [fluticasone furoate/umeclidinium bromide/vilanterol trifenatate],Indications: COPD,Corticosteroid -- inhaled; antiasthmatic
Trelstar ,triptorelin pamoate,Trelstar [triptorelin pamoate],Indications: Palliative treatment of prostate cancer symptoms,Agents affecting estrogen receptors and estrogen levels
Tresiba ,insulin degludec,Tresiba [insulin degludec],Indications: Diabetes mellitus,Insulin
Triamterene and hydrochlorothiazide ,triamterene/hydrochlorothiazide,Triamterene and hydrochlorothiazide [triamterene/hydrochlorothiazide],Indications: Edema; hypertension,Antihypertensive; diuretic
Tri-Estarylla ,ethinyl estradiol/norgestimate,Tri-Estarylla [ethinyl estradiol/norgestimate],Indications: Prevention of pregnancy; acne,Contraceptive
Trijardy XR ,empagliflozin/linagliptin/metformin hydrochloride,Trijardy XR [empagliflozin/linagliptin/metformin hydrochloride],Indications: Diabetes mellitus,Oral hypoglycemic
Tri-Legest ,ethinyl estradiol/norethindrone acetate,Tri-Legest [ethinyl estradiol/norethindrone acetate],Indications: Prevention of pregnancy,Contraceptive
Tri-Linyah ,ethinyl estradiol/norgestimate,Tri-Linyah [ethinyl estradiol/norgestimate],Indications: Prevention of pregnancy,Contraceptive
Tri-Lo-Estarylla ,ethinyl estradiol/norgestimate,Tri-Lo-Estarylla [ethinyl estradiol/norgestimate],Indications: Prevention of pregnancy,Contraceptive
Tri-Lo-Sprintec ,ethinyl estradiol/norgestimate,Tri-Lo-Sprintec [ethinyl estradiol/norgestimate],Indications: Prevention of pregnancy,Contraceptive
Trimethoprim ,trimethoprim,Trimethoprim [trimethoprim],"Indications: Acute exacerbation chronic bronchitis; travelers’ diarrhea; infections of the middle, lower respiratory tract, and urinary tract; pneumonia, pneumocystis; shigellosis",Antibiotic
Tri-Previfem ,ethinyl estradiol/norgestimate,Tri-Previfem [ethinyl estradiol/norgestimate],Indications: Prevention of pregnancy,Contraceptive
Triptodur ,triptorelin,Triptodur [triptorelin],Indications: Precocious puberty,Agents affecting estrogen receptors and estrogen levels
Tri-Sprintec ,ethinyl estradiol/norgestimate,Tri-Sprintec [ethinyl estradiol/norgestimate],Indications: Prevention of pregnancy; acne,Contraceptive
Trivora-28 ,ethinyl estradiol/levonorgestrel,Trivora-28 [ethinyl estradiol/levonorgestrel],Indications: Prevention of pregnancy,Contraceptive
Trokendi XR ,topiramate,Trokendi XR [topiramate],Indications: Epilepsy; primary generalized tonic-clonic seizures; seizures associated with Lennox-Gastaut syndrome; migraine headache,Anticonvulsant
Trulicity ,dulaglutide,Trulicity [dulaglutide],Indications: Diabetes mellitus,Antidiabetic – non-insulin injectable
Truvada ,emtricitabine/tenofovir disoproxil fumarate,Truvada [emtricitabine/tenofovir disoproxil fumarate],Indications: Treatment and prevention of HIV,Antiviral
Turalio ,pexidartinib,Turalio [pexidartinib],Indications: Symptomatic tenosynovial giant cell tumor,Kinase inhibitor
Tygacil ,tigecycline,Tygacil [tigecycline],Indications: Bacterial skin or digestive system infections; pneumonia,Antibiotic
Tylenol with codeine ,acetaminophen/codeine phosphate,Tylenol with codeine [acetaminophen/codeine phosphate],Indications: Pain and cough,"Analgesic, narcotic"
Ubrelvy ,ubrogepant,Ubrelvy [ubrogepant],Indications: Migraine with or without aura,Antimigraine
Ultram ,tramadol hydrochloride,Ultram [tramadol hydrochloride],Indications: Moderate to severe pain,"Analgesic, non-narcotic (opiate, narcotic-like)"
Unasyn ,ampicillin sodium/sulbactam sodium,Unasyn [ampicillin sodium/sulbactam sodium],Indications: Bacterial infections,Antibiotic
Vabomere ,meropenem; vaborbactam,Vabomere [meropenem; vaborbactam],Indications: Complicated urinary tract infections; pyelonephritis,Antibiotic
Vagifem ,estradiol,Vagifem [estradiol],Indications: Menopause symptoms,Estrogen therapy
Valium ,diazepam,Valium [diazepam],"Indications: Anxiety, tension, withdrawal from alcohol, muscle spasms and anticonvulsant therapy; epilepsy, generalized tonic-clonic; status epilepticus; stiff-man syndrome; tetanus",Antianxiety; muscle relaxant; anticonvulsant
Vancocin HCl ,vancomycin hydrochloride,Vancocin HCl [vancomycin hydrochloride],Indications: Severe bacterial infections,Antibiotic
Vancomycin HCl ,vancomycin hydrochloride,Vancomycin HCl [vancomycin hydrochloride],Indications: Severe bacterial infections,Antibiotic
Vantas ,histrelin acetate,Vantas [histrelin acetate],Indications: Palliative treatment of prostate cancer symptoms,Agents affecting estrogen receptors and estrogen levels
Vasotec ,enalaprilat maleate,Vasotec [enalaprilat maleate],Indications: Congestive heart failure; hypertension,ACE inhibitor
Velivet ,desogestrel/ethinyl estradiol,Velivet [desogestrel/ethinyl estradiol],Indications: Prevention of pregnancy,Contraceptive
Venlafaxine HCl ,venlafaxine hydrochloride,Venlafaxine HCl [venlafaxine hydrochloride],Indications: Major depressive disorder; social anxiety disorder; panic disorder,"Antidepressant, serotonin and norepinephrine reuptake inhibitor (SNRI)"
Ventolin HFA ,albuterol sulfate,Ventolin HFA [albuterol sulfate],Indications: Asthma,Antiasthmatic/bronchodilator
Verapamil HCL ,verapamil hydrochloride,Verapamil HCL [verapamil hydrochloride],"Indications: Angina pectoris, chronic stable angina, atrial fibrillation, atrial flutter, paroxysmal supraventricular tachycardia, ventricular arrhythmia, hypertension",Calcium channel blocker
Viagra ,sildenafil citrate,Viagra [sildenafil citrate],Indications: Erectile dysfunction,Phosphodiesterase-5 (PDE5) inhibitor
Vibativ ,telavancin hydrochloride,Vibativ [telavancin hydrochloride],Indications: Pneumonia; severe bacterial skin infections,Antibiotic
Vibramycin ,doxycycline calcium,Vibramycin [doxycycline calcium],Indications: Bacterial infections,Antibiotic
Victoza ,liraglutide,Victoza [liraglutide],Indications: Diabetes mellitus,Antidiabetic – non-insulin injectable
Vienva ,ethinyl estradiol/levonorgestrel,Vienva [ethinyl estradiol/levonorgestrel],Indications: Prevention of pregnancy,Contraceptive
Viorele ,desogestrel/ethinyl estradiol,Viorele [desogestrel/ethinyl estradiol],Indications: Prevention of pregnancy,Contraceptive
Virazole ,ribavirin,Virazole [ribavirin],Indications: Respiratory syncytial virus (RSV),Antiviral
Viread ,tenofovir disoproxil fumarate,Viread [tenofovir disoproxil fumarate],Indications: HIV; chronic hepatitis B,Antiviral
Voltaren ,diclofenac sodium,Voltaren [diclofenac sodium],"Indications: Treatment of pain, inflammation and joint stiffness due to arthritis",Nonsteroidal anti-inflammatory drug (NSAID)
Vumerity ,diroximel fumarate,Vumerity [diroximel fumarate],Indications: Relapsing forms of multiple sclerosis (MS),Immunostimulant
Vytorin ,ezetimibe/simvastatin,Vytorin [ezetimibe/simvastatin],Indications: Hyperlipidemia; hypercholesterolemia,HMG-CoA reductase inhibitor (statin); cholesterol absorption inhibitor
Wakix ,pitolisant hydrochloride,Wakix [pitolisant hydrochloride],Indications: Narcolepsy,CNS stimulant
Warfarin ,warfarin sodium,Warfarin [warfarin sodium],"Indications: Prophylaxis and treatment of venous thrombosis, treatment of atrial fibrillation with embolization (pulmonary embolism), arrhythmias, myocardial infarction, and stroke prevention",Anticoagulant
"Wellbutrin SR, Wellbutrin XL ",bupropion hydrochloride,"Wellbutrin SR, Wellbutrin XL [bupropion hydrochloride]",Indications: Depression,Antidepressant
Wera ,ethinyl estradiol/norethindrone,Wera [ethinyl estradiol/norethindrone],Indications: Prevention of pregnancy,Contraceptive
Xalatan ,latanoprost,Xalatan [latanoprost],"Indications: Glaucoma, open-angle; ocular hypertension",Prostaglandin F2α analogue
"Xanax, Xanax XR ",alprazolam,"Xanax, Xanax XR [alprazolam]",Indications: Anxiety disorders with panic disorder and depression,Antianxiety; sedative/hypnotic
Xarelto ,rivaraxaban,Xarelto [rivaraxaban],"Indications: Prophylaxis and treatment of venous thrombosis, pulmonary embolism; prevention of blood clots due to atrial fibrillation",Anticoagulant
Xeljanz ,tofacitinib citrate,Xeljanz [tofacitinib citrate],Indications: Rheumatoid arthritis; psoriatic arthritis,Antirheumatic
Xenleta ,lefamulin acetate,Xenleta [lefamulin acetate],Indications: Community-acquired bacterial pneumonia,Antibiotic
Xgeva ,denosumab,Xgeva [denosumab],Indications: Treatment and prevention of bone resorption and prevention of bone fracture,Monoclonal antibody
Xifaxan ,rifaximin,Xifaxan [rifaximin],Indications: E. coli diarrhea,Antibiotic
Xigduo ,dapagliflozin propanediol/metformin hydrochloride,Xigduo [dapagliflozin propanediol/metformin hydrochloride],Indications: Diabetes mellitus,Oral hypoglycemic
Xpovio ,selinexor,Xpovio [selinexor],Indications: Multiple myeloma in adults,Antineoplastic
Xultophy ,insulin degludec/liraglutide,Xultophy [insulin degludec/liraglutide],Indications: Diabetes mellitus,Insulin
Xyrem ,sodium oxybate,Xyrem [sodium oxybate],Indications: Cataplexy and/or excessive daytime sleepiness in narcolepsy,CNS depressant; anxiolytic/sedative/hypnotic
Xyzal ,levocetirizine dihydrochloride,Xyzal [levocetirizine dihydrochloride],Indications: Perennial allergic rhinitis; chronic idiopathic urticaria,Antihistamine
Yasmin ,drospirenone/ethinyl estradiol,Yasmin [drospirenone/ethinyl estradiol],Indications: Prevention of pregnancy,Contraceptive
Yaz ,drospirenone/ethinyl estradiol,Yaz [drospirenone/ethinyl estradiol],Indications: Prevention of pregnancy; menstrual disorders,Contraceptive
Zerbaxa ,ceftolozane sulfate/tazobactam sodium,Zerbaxa [ceftolozane sulfate/tazobactam sodium],Indications: Complicated urinary tract and intra-abdominal infections,Antibiotic
Zestoretic ,lisinopril/hydrochlorothiazide,Zestoretic [lisinopril/hydrochlorothiazide],Indications: Congestive heart failure; hypertension,ACE inhibitor
Zestril ,lisinopril,Zestril [lisinopril],Indications: Congestive heart failure; hypertension,ACE inhibitor
Zetia ,exetimibe,Zetia [exetimibe],Indications: Hypercholesterolemia; sitosterolemia,Antihyperlipidemic
Ziac ,bisoprolol fumarate/hydrochlorothiazide,Ziac [bisoprolol fumarate/hydrochlorothiazide],Indications: Hypertension,Antihypertensive
Zinacef ,cefuroxime sodium,Zinacef [cefuroxime sodium],Indications: Bacterial infections,Antibiotic
Zipsor ,diclofenac potassium,Zipsor [diclofenac potassium],Indications: Pain and inflammation relief,Nonsteroidal anti-inflammatory drug (NSAID)
Zithromax ,azithromycin,Zithromax [azithromycin],"Indications: Infections of the cervix, lower respiratory tract, skin and skin structures, urethra, nongonococcal; mycobacterium avium complex; pharyngitis, streptococcal pneumonia; tonsillitis",Antibiotic
Zocor ,simvastatin,Zocor [simvastatin],Indications: Hypercholesterolemia; hyperlipidemia; hyperlipoproteinemia; hypertriglyceridemia,HMG-CoA reductase inhibitor (statin)
Zoladex ,goserelin acetate,Zoladex [goserelin acetate],Indications: Palliative treatment of prostate cancer and breast cancer symptoms; endometriosis,Agents affecting estrogen receptors and estrogen levels
Zoloft ,sertraline hydrochloride,Zoloft [sertraline hydrochloride],Indications: Anxiety with panic disorder and depression; obsessive-compulsive disorder,Antidepressant
Zometa ,zoledronic acid,Zometa [zoledronic acid],Indications: Multiple myeloma; Paget’s disease,Bisphosphonate
Zorvolex ,diclofenac,Zorvolex [diclofenac],"Indications: Pain, inflammation or fever relief",Nonsteroidal anti-inflammatory drug (NSAID)
Zosyn ,piperacillin sodium/tazobactam sodium,Zosyn [piperacillin sodium/tazobactam sodium],Indications: Bacterial infections,Antibiotic
Zovia ,ethynodiol diacetate/ethinyl estradiol,Zovia [ethynodiol diacetate/ethinyl estradiol],Indications: Prevention of pregnancy,Contraceptive
Zovirax ,acyclovir,Zovirax [acyclovir],Indications: Genital herpes and herpes zoster infections,Antiviral
Zubsolv ,buprenorphine/naloxone,Zubsolv [buprenorphine/naloxone],Indications: Treatment of opioid addiction,Opioid agonist
Zyloprim ,allopurinol,Zyloprim [allopurinol],"Indications: Gouty arthritis, renal calculus, hyperuricemia, hyperuricemia secondary to leukemia, hyperuricemia secondary to lymphoma",Antigout
Zyprexa ,olanzapine,Zyprexa [olanzapine],Indications: Psychotic disorders; schizophrenia,Antipsychotic/antimanic
Zyrtec allergy ,cetirizine hydrochloride,Zyrtec allergy [cetirizine hydrochloride],Indications: Perennial and seasonal allergic rhinitis; chronic urticaria,Antihistamine
Zyvox ,linezolid,Zyvox [linezolid],Indications: Severe bacterial infections,Antibiotic